Name,Station,Time(norwegian mean time),Snow depth,Precipitation (1 h),Air temperature,Mean wind speed
Svalbard Lufthavn,SN99840,18.03.2022 01:00,24.29,0.1,-1.2,13.4
Svalbard Lufthavn,SN99840,18.03.2022 02:00,22.02,0,-1.4,14.8
Svalbard Lufthavn,SN99840,18.03.2022 03:00,17.98,0,-1.4,15.8
Svalbard Lufthavn,SN99840,18.03.2022 04:00,15.97,0,-2.8,16.7
Svalbard Lufthavn,SN99840,18.03.2022 05:00,15.09,0,-3.9,15.2
Svalbard Lufthavn,SN99840,18.03.2022 06:00,15.05,0,-4.1,13.8
Svalbard Lufthavn,SN99840,18.03.2022 07:00,14.94,0,-4.3,11.1
Svalbard Lufthavn,SN99840,18.03.2022 08:00,15.2,0,-4,6.7
Svalbard Lufthavn,SN99840,18.03.2022 09:00,15.73,0,-3.4,6.9
Svalbard Lufthavn,SN99840,18.03.2022 10:00,15.74,0,-3.2,7.4
Svalbard Lufthavn,SN99840,18.03.2022 11:00,15.76,0,-4.6,4.9
Svalbard Lufthavn,SN99840,18.03.2022 12:00,15.77,0,-4.7,1.8
Svalbard Lufthavn,SN99840,18.03.2022 13:00,15.74,0,-5.3,2
Svalbard Lufthavn,SN99840,18.03.2022 14:00,15.74,0,-5,2.3
Svalbard Lufthavn,SN99840,18.03.2022 15:00,15.75,0,-6.2,4.7
Svalbard Lufthavn,SN99840,18.03.2022 16:00,15.74,0,-5.1,6.8
Svalbard Lufthavn,SN99840,18.03.2022 17:00,15.73,0,-5.1,4.4
Svalbard Lufthavn,SN99840,18.03.2022 18:00,15.73,0,-4.1,3.3
Svalbard Lufthavn,SN99840,18.03.2022 19:00,15.72,0,-4.6,3.6
Svalbard Lufthavn,SN99840,18.03.2022 20:00,15.7,0,-1.5,6.8
Svalbard Lufthavn,SN99840,18.03.2022 21:00,15.72,0,-0.5,8.8
Svalbard Lufthavn,SN99840,18.03.2022 22:00,15.38,0,-0.7,9.9
Svalbard Lufthavn,SN99840,18.03.2022 23:00,15.28,0,-1.3,10
Svalbard Lufthavn,SN99840,19.03.2022 00:00,15.86,0,-1.8,5.8
Svalbard Lufthavn,SN99840,19.03.2022 01:00,15.59,0,-0.1,5.4
Svalbard Lufthavn,SN99840,19.03.2022 02:00,15.59,0,-0.8,1.8
Svalbard Lufthavn,SN99840,19.03.2022 03:00,15.59,0,-1.5,4.3
Svalbard Lufthavn,SN99840,19.03.2022 04:00,15.58,0,-2.2,5.9
Svalbard Lufthavn,SN99840,19.03.2022 05:00,15.57,0,-2.3,4.5
Svalbard Lufthavn,SN99840,19.03.2022 06:00,15.58,0,-3.9,4.3
Svalbard Lufthavn,SN99840,19.03.2022 07:00,15.55,0,-2.8,1.5
Svalbard Lufthavn,SN99840,19.03.2022 08:00,15.56,0,-2.8,3.7
Svalbard Lufthavn,SN99840,19.03.2022 09:00,15.54,0,-0.6,5
Svalbard Lufthavn,SN99840,19.03.2022 10:00,15.55,0,-2.2,5
Svalbard Lufthavn,SN99840,19.03.2022 11:00,15.55,0,-2.7,5.5
Svalbard Lufthavn,SN99840,19.03.2022 12:00,15.57,0,-1.6,4.7
Svalbard Lufthavn,SN99840,19.03.2022 13:00,15.55,0,-3.9,3.8
Svalbard Lufthavn,SN99840,19.03.2022 14:00,15.54,0,-4,2.6
Svalbard Lufthavn,SN99840,19.03.2022 15:00,15.54,0,-3.2,1.8
Svalbard Lufthavn,SN99840,19.03.2022 16:00,15.85,0.2,-4,0.8
Svalbard Lufthavn,SN99840,19.03.2022 17:00,16.59,0.4,-4,10.4
Svalbard Lufthavn,SN99840,19.03.2022 18:00,14.62,0,-5,15.1
Svalbard Lufthavn,SN99840,19.03.2022 19:00,13.97,0,-5.5,16.2
Svalbard Lufthavn,SN99840,19.03.2022 20:00,14.11,0,-6.3,14.5
Svalbard Lufthavn,SN99840,19.03.2022 21:00,14.12,0,-6.7,13.4
Svalbard Lufthavn,SN99840,19.03.2022 22:00,15.03,0.1,-7.1,10.2
Svalbard Lufthavn,SN99840,19.03.2022 23:00,14.9,0.1,-7.2,7.7
Svalbard Lufthavn,SN99840,20.03.2022 00:00,15.17,0,-6.9,6.4
Svalbard Lufthavn,SN99840,20.03.2022 01:00,15.17,0,-7.4,6.8
Svalbard Lufthavn,SN99840,20.03.2022 02:00,15.29,0,-7.6,7.6
Svalbard Lufthavn,SN99840,20.03.2022 03:00,15.67,0,-7.4,7.6
Svalbard Lufthavn,SN99840,20.03.2022 04:00,15.81,0,-6.1,6.9
Svalbard Lufthavn,SN99840,20.03.2022 05:00,15.75,0,-5.4,4.4
Svalbard Lufthavn,SN99840,20.03.2022 06:00,15.35,0,-4.5,6.1
Svalbard Lufthavn,SN99840,20.03.2022 07:00,15.06,0,-4.5,9.8
Svalbard Lufthavn,SN99840,20.03.2022 08:00,14.58,0,-4.8,10.6
Svalbard Lufthavn,SN99840,20.03.2022 09:00,14.67,0,-5,6.9
Svalbard Lufthavn,SN99840,20.03.2022 10:00,14.97,0,-5,7.1
Svalbard Lufthavn,SN99840,20.03.2022 11:00,14.89,0,-5.1,6.7
Svalbard Lufthavn,SN99840,20.03.2022 12:00,14.88,0,-5.1,6.4
Svalbard Lufthavn,SN99840,20.03.2022 13:00,15.03,0,-5.2,7.6
Svalbard Lufthavn,SN99840,20.03.2022 14:00,15.34,0,-5.4,5.5
Svalbard Lufthavn,SN99840,20.03.2022 15:00,15.31,0,-5.6,2.4
Svalbard Lufthavn,SN99840,20.03.2022 16:00,15.31,0,-5.4,1.5
Svalbard Lufthavn,SN99840,20.03.2022 17:00,15.32,0,-6,1.2
Svalbard Lufthavn,SN99840,20.03.2022 18:00,15.32,0,-6.3,0
Svalbard Lufthavn,SN99840,20.03.2022 19:00,15.33,0,-6.6,3.5
Svalbard Lufthavn,SN99840,20.03.2022 20:00,15.25,0,-6.4,5.1
Svalbard Lufthavn,SN99840,20.03.2022 21:00,15.04,0,-6,7.8
Svalbard Lufthavn,SN99840,20.03.2022 22:00,14.93,0,-5.7,10.3
Svalbard Lufthavn,SN99840,20.03.2022 23:00,14.97,0,-5.4,8.8
Svalbard Lufthavn,SN99840,21.03.2022 00:00,14.96,0,-5.7,12.5
Svalbard Lufthavn,SN99840,21.03.2022 01:00,16.02,0.1,-5.3,14.9
Svalbard Lufthavn,SN99840,21.03.2022 02:00,18.81,0,-4.9,13.2
Svalbard Lufthavn,SN99840,21.03.2022 03:00,19.23,0,-4.7,16.6
Svalbard Lufthavn,SN99840,21.03.2022 04:00,15.02,0,-4.7,15.1
Svalbard Lufthavn,SN99840,21.03.2022 05:00,15.03,0.1,-4.7,13.7
Svalbard Lufthavn,SN99840,21.03.2022 06:00,14.93,0.1,-3.9,12.4
Svalbard Lufthavn,SN99840,21.03.2022 07:00,14.88,0.1,-3.2,9.9
Svalbard Lufthavn,SN99840,21.03.2022 08:00,14.86,0,-2.7,7.4
Svalbard Lufthavn,SN99840,21.03.2022 09:00,16.15,0,-2.4,5.4
Svalbard Lufthavn,SN99840,21.03.2022 10:00,16.93,0.2,-2.2,2.9
Svalbard Lufthavn,SN99840,21.03.2022 11:00,17.12,0.1,-2.8,6.2
Svalbard Lufthavn,SN99840,21.03.2022 12:00,18.55,0,-2.7,6
Svalbard Lufthavn,SN99840,21.03.2022 13:00,19.27,0,-2.8,7.1
Svalbard Lufthavn,SN99840,21.03.2022 14:00,17.48,0,-2.3,9.4
Svalbard Lufthavn,SN99840,21.03.2022 15:00,16.8,0,-3.5,6.7
Svalbard Lufthavn,SN99840,21.03.2022 16:00,16.56,0,-3.5,11.3
Svalbard Lufthavn,SN99840,21.03.2022 17:00,14.91,0,-3.8,11.9
Svalbard Lufthavn,SN99840,21.03.2022 18:00,14.87,0,-3.9,10.2
Svalbard Lufthavn,SN99840,21.03.2022 19:00,14.86,0,-4.1,10.3
Svalbard Lufthavn,SN99840,21.03.2022 20:00,14.86,0,-4.3,9.1
Svalbard Lufthavn,SN99840,21.03.2022 21:00,14.85,0,-4.5,8
Svalbard Lufthavn,SN99840,21.03.2022 22:00,15.13,0,-4.7,11.7
Svalbard Lufthavn,SN99840,21.03.2022 23:00,22.29,0,-4.9,12.1
Svalbard Lufthavn,SN99840,22.03.2022 00:00,26.4,0,-5.5,13.3
Svalbard Lufthavn,SN99840,22.03.2022 01:00,25.16,0,-5.9,12.5
Svalbard Lufthavn,SN99840,22.03.2022 02:00,24.63,0,-6.2,10.5
Svalbard Lufthavn,SN99840,22.03.2022 03:00,24.61,0,-6.6,10
Svalbard Lufthavn,SN99840,22.03.2022 04:00,24.59,0,-6.6,8.6
Svalbard Lufthavn,SN99840,22.03.2022 05:00,24.59,0,-6.9,6.6
Svalbard Lufthavn,SN99840,22.03.2022 06:00,24.59,0,-7.3,3.5
Svalbard Lufthavn,SN99840,22.03.2022 07:00,24.57,0,-7.4,1.6
Svalbard Lufthavn,SN99840,22.03.2022 08:00,24.58,0,-7.6,0.9
Svalbard Lufthavn,SN99840,22.03.2022 09:00,24.58,0,-8.3,4.7
Svalbard Lufthavn,SN99840,22.03.2022 10:00,24.56,0,-7.8,7.6
Svalbard Lufthavn,SN99840,22.03.2022 11:00,24.56,0,-8.2,8.8
Svalbard Lufthavn,SN99840,22.03.2022 12:00,24.57,0,-8.5,8.6
Svalbard Lufthavn,SN99840,22.03.2022 13:00,24.55,0,-8.8,8
Svalbard Lufthavn,SN99840,22.03.2022 14:00,24.52,0,-8.9,7.5
Svalbard Lufthavn,SN99840,22.03.2022 15:00,24.5,0,-9.2,7
Svalbard Lufthavn,SN99840,22.03.2022 16:00,24.5,0,-9.5,7.8
Svalbard Lufthavn,SN99840,22.03.2022 17:00,24.5,0,-10.4,6.7
Svalbard Lufthavn,SN99840,22.03.2022 18:00,24.51,0,-10.6,5.5
Svalbard Lufthavn,SN99840,22.03.2022 19:00,24.48,0,-10.9,5.4
Svalbard Lufthavn,SN99840,22.03.2022 20:00,24.51,0,-11.9,6.3
Svalbard Lufthavn,SN99840,22.03.2022 21:00,24.49,0,-12.9,5.8
Svalbard Lufthavn,SN99840,22.03.2022 22:00,24.5,0,-13.6,3.8
Svalbard Lufthavn,SN99840,22.03.2022 23:00,24.49,0,-14.6,4.7
Svalbard Lufthavn,SN99840,23.03.2022 00:00,24.47,0,-14.6,4.6
Svalbard Lufthavn,SN99840,23.03.2022 01:00,24.48,0,-14.6,4.4
Svalbard Lufthavn,SN99840,23.03.2022 02:00,24.48,0,-14.6,4.3
Svalbard Lufthavn,SN99840,23.03.2022 03:00,24.49,0,-14.9,4.2
Svalbard Lufthavn,SN99840,23.03.2022 04:00,24.49,0,-15.4,4.4
Svalbard Lufthavn,SN99840,23.03.2022 05:00,24.47,0,-15.8,4.1
Svalbard Lufthavn,SN99840,23.03.2022 06:00,24.48,0,-15.8,4.4
Svalbard Lufthavn,SN99840,23.03.2022 07:00,24.49,0,-16.3,5.3
Svalbard Lufthavn,SN99840,23.03.2022 08:00,24.47,0,-15.9,3.1
Svalbard Lufthavn,SN99840,23.03.2022 09:00,24.47,0,-15.8,5.5
Svalbard Lufthavn,SN99840,23.03.2022 10:00,24.48,0,-15.5,4.5
Svalbard Lufthavn,SN99840,23.03.2022 11:00,24.49,0,-15,4.5
Svalbard Lufthavn,SN99840,23.03.2022 12:00,24.49,0,-15.4,6.2
Svalbard Lufthavn,SN99840,23.03.2022 13:00,24.48,0,-15.6,4.3
Svalbard Lufthavn,SN99840,23.03.2022 14:00,24.48,0,-16.2,3.5
Svalbard Lufthavn,SN99840,23.03.2022 15:00,24.48,0,-16.1,3.5
Svalbard Lufthavn,SN99840,23.03.2022 16:00,24.48,0,-16.5,3.1
Svalbard Lufthavn,SN99840,23.03.2022 17:00,24.47,0,-17.2,4.2
Svalbard Lufthavn,SN99840,23.03.2022 18:00,24.46,0,-17.4,5.6
Svalbard Lufthavn,SN99840,23.03.2022 19:00,24.46,0,-17.9,4.6
Svalbard Lufthavn,SN99840,23.03.2022 20:00,24.47,0,-17.9,4.8
Svalbard Lufthavn,SN99840,23.03.2022 21:00,24.47,0,-18.6,4.8
Svalbard Lufthavn,SN99840,23.03.2022 22:00,24.48,0,-19.3,4.3
Svalbard Lufthavn,SN99840,23.03.2022 23:00,24.46,0,-19.1,4.9
Svalbard Lufthavn,SN99840,24.03.2022 00:00,24.47,0,-18.6,3.6
Svalbard Lufthavn,SN99840,24.03.2022 01:00,24.47,0,-18.6,4.3
Svalbard Lufthavn,SN99840,24.03.2022 02:00,24.47,0,-18.1,4.1
Svalbard Lufthavn,SN99840,24.03.2022 03:00,24.46,0,-17.4,2.4
Svalbard Lufthavn,SN99840,24.03.2022 04:00,24.45,0,-17.5,3.6
Svalbard Lufthavn,SN99840,24.03.2022 05:00,24.46,0,-17.4,2.7
Svalbard Lufthavn,SN99840,24.03.2022 06:00,24.46,0,-16.8,5.6
Svalbard Lufthavn,SN99840,24.03.2022 07:00,24.44,0,-17,7.6
Svalbard Lufthavn,SN99840,24.03.2022 08:00,24.43,0,-16.3,8.2
Svalbard Lufthavn,SN99840,24.03.2022 09:00,24.44,0,-16.4,6.3
Svalbard Lufthavn,SN99840,24.03.2022 10:00,24.47,0,-16.4,4.4
Svalbard Lufthavn,SN99840,24.03.2022 11:00,24.46,0,-15.8,5.7
Svalbard Lufthavn,SN99840,24.03.2022 12:00,24.48,0,-16,4.7
Svalbard Lufthavn,SN99840,24.03.2022 13:00,24.45,0,-16.8,2.6
Svalbard Lufthavn,SN99840,24.03.2022 14:00,24.43,0,-16.6,2.7
Svalbard Lufthavn,SN99840,24.03.2022 15:00,24.44,0,-17,2.4
Svalbard Lufthavn,SN99840,24.03.2022 16:00,24.43,0,-17.1,1.6
Svalbard Lufthavn,SN99840,24.03.2022 17:00,24.46,0,-17.7,2.5
Svalbard Lufthavn,SN99840,24.03.2022 18:00,24.45,0,-17.6,1.2
Svalbard Lufthavn,SN99840,24.03.2022 19:00,24.43,0,-18.2,2.6
Svalbard Lufthavn,SN99840,24.03.2022 20:00,24.43,0,-17.9,2.5
Svalbard Lufthavn,SN99840,24.03.2022 21:00,24.43,0,-18.3,2.6
Svalbard Lufthavn,SN99840,24.03.2022 22:00,24.43,0,-18.2,2.9
Svalbard Lufthavn,SN99840,24.03.2022 23:00,24.45,0,-18.4,3.4
Svalbard Lufthavn,SN99840,25.03.2022 00:00,24.44,0,-19,3.9
Svalbard Lufthavn,SN99840,25.03.2022 01:00,24.44,0,-18.6,3.7
Svalbard Lufthavn,SN99840,25.03.2022 02:00,24.44,0,-18.8,3.9
Svalbard Lufthavn,SN99840,25.03.2022 03:00,24.43,0,-19.4,4.1
Svalbard Lufthavn,SN99840,25.03.2022 04:00,24.43,0,-18.7,4.6
Svalbard Lufthavn,SN99840,25.03.2022 05:00,24.42,0,-18.7,2.6
Svalbard Lufthavn,SN99840,25.03.2022 06:00,24.43,0,-18.8,3.3
Svalbard Lufthavn,SN99840,25.03.2022 07:00,24.43,0,-17.8,2.5
Svalbard Lufthavn,SN99840,25.03.2022 08:00,24.43,0,-17.9,3.4
Svalbard Lufthavn,SN99840,25.03.2022 09:00,24.43,0,-17.9,3.6
Svalbard Lufthavn,SN99840,25.03.2022 10:00,24.43,0,-17.9,4.2
Svalbard Lufthavn,SN99840,25.03.2022 11:00,24.44,0,-17.6,3
Svalbard Lufthavn,SN99840,25.03.2022 12:00,24.44,0,-16.9,2.6
Svalbard Lufthavn,SN99840,25.03.2022 13:00,24.41,0,-17.6,3
Svalbard Lufthavn,SN99840,25.03.2022 14:00,24.42,0,-19,3.1
Svalbard Lufthavn,SN99840,25.03.2022 15:00,24.43,0,-18.2,1.8
Svalbard Lufthavn,SN99840,25.03.2022 16:00,24.41,0,-17.3,3.1
Svalbard Lufthavn,SN99840,25.03.2022 17:00,24.42,0,-18,2.7
Svalbard Lufthavn,SN99840,25.03.2022 18:00,24.41,0,-18.2,3
Svalbard Lufthavn,SN99840,25.03.2022 19:00,24.42,0,-18.8,1.4
Svalbard Lufthavn,SN99840,25.03.2022 20:00,24.42,0,-17.7,1.5
Svalbard Lufthavn,SN99840,25.03.2022 21:00,24.42,0,-17.8,1.1
Svalbard Lufthavn,SN99840,25.03.2022 22:00,24.42,0,-17.6,0.9
Svalbard Lufthavn,SN99840,25.03.2022 23:00,24.41,0,-17.8,1.7
Svalbard Lufthavn,SN99840,26.03.2022 00:00,24.41,0,-16.8,1
Svalbard Lufthavn,SN99840,26.03.2022 01:00,24.42,0,-17.4,0.9
Svalbard Lufthavn,SN99840,26.03.2022 02:00,24.4,0,-17.6,1.1
Svalbard Lufthavn,SN99840,26.03.2022 03:00,24.4,0,-16.5,0.8
Svalbard Lufthavn,SN99840,26.03.2022 04:00,24.4,0,-17.1,1.7
Svalbard Lufthavn,SN99840,26.03.2022 05:00,24.39,0,-16.4,2.3
Svalbard Lufthavn,SN99840,26.03.2022 06:00,24.41,0,-16.8,3.3
Svalbard Lufthavn,SN99840,26.03.2022 07:00,24.39,0,-16.1,2.8
Svalbard Lufthavn,SN99840,26.03.2022 08:00,24.39,0,-16.1,3
Svalbard Lufthavn,SN99840,26.03.2022 09:00,24.39,0,-15.9,3.1
Svalbard Lufthavn,SN99840,26.03.2022 10:00,24.4,0,-16.5,2.9
Svalbard Lufthavn,SN99840,26.03.2022 11:00,24.41,0,-15.7,4.1
Svalbard Lufthavn,SN99840,26.03.2022 12:00,24.41,0,-15.3,3.5
Svalbard Lufthavn,SN99840,26.03.2022 13:00,24.4,0,-16.1,2.8
Svalbard Lufthavn,SN99840,26.03.2022 14:00,24.38,0,-16.4,2.7
Svalbard Lufthavn,SN99840,26.03.2022 15:00,24.39,0,-16.1,2.9
Svalbard Lufthavn,SN99840,26.03.2022 16:00,24.39,0,-16.1,3.6
Svalbard Lufthavn,SN99840,26.03.2022 17:00,24.39,0,-16.5,3.3
Svalbard Lufthavn,SN99840,26.03.2022 18:00,24.39,0,-17.1,4.1
Svalbard Lufthavn,SN99840,26.03.2022 19:00,24.39,0,-17,4.3
Svalbard Lufthavn,SN99840,26.03.2022 20:00,24.39,0,-18.5,3.4
Svalbard Lufthavn,SN99840,26.03.2022 21:00,24.4,0,-18.9,4.5
Svalbard Lufthavn,SN99840,26.03.2022 22:00,24.4,0,-19.8,5.4
Svalbard Lufthavn,SN99840,26.03.2022 23:00,24.39,0,-19.5,4.7
Svalbard Lufthavn,SN99840,27.03.2022 00:00,24.39,0,-18.9,5
Svalbard Lufthavn,SN99840,27.03.2022 01:00,24.39,0,-20.2,5.5
Svalbard Lufthavn,SN99840,27.03.2022 02:00,24.39,0,-19.1,5.3
Svalbard Lufthavn,SN99840,27.03.2022 03:00,24.39,0,-20.6,5
Svalbard Lufthavn,SN99840,27.03.2022 04:00,24.39,0,-19.8,5.3
Svalbard Lufthavn,SN99840,27.03.2022 05:00,24.39,0,-19.2,5.1
Svalbard Lufthavn,SN99840,27.03.2022 06:00,24.39,0,-19.3,4.8
Svalbard Lufthavn,SN99840,27.03.2022 07:00,24.37,0,-18.4,6.4
Svalbard Lufthavn,SN99840,27.03.2022 08:00,24.37,0,-17.3,4.1
Svalbard Lufthavn,SN99840,27.03.2022 09:00,24.36,0,-17,5.2
Svalbard Lufthavn,SN99840,27.03.2022 10:00,24.37,0,-15.1,3.9
Svalbard Lufthavn,SN99840,27.03.2022 11:00,24.37,0,-13.8,3.5
Svalbard Lufthavn,SN99840,27.03.2022 12:00,24.37,0,-14.2,4.9
Svalbard Lufthavn,SN99840,27.03.2022 13:00,24.38,0,-13.7,4.7
Svalbard Lufthavn,SN99840,27.03.2022 14:00,24.37,0,-14.1,4.6
Svalbard Lufthavn,SN99840,27.03.2022 15:00,24.36,0,-13,4.4
Svalbard Lufthavn,SN99840,27.03.2022 16:00,24.36,0,-14.1,5.4
Svalbard Lufthavn,SN99840,27.03.2022 17:00,24.36,0,-14.8,4.9
Svalbard Lufthavn,SN99840,27.03.2022 18:00,24.35,0,-14.3,5.7
Svalbard Lufthavn,SN99840,27.03.2022 19:00,24.35,0,-14,5.2
Svalbard Lufthavn,SN99840,27.03.2022 20:00,24.34,0,-12.4,5.1
Svalbard Lufthavn,SN99840,27.03.2022 21:00,24.34,0,-13.1,4.9
Svalbard Lufthavn,SN99840,27.03.2022 22:00,24.35,0,-14.3,4.7
Svalbard Lufthavn,SN99840,27.03.2022 23:00,24.35,0,-14,4.7
Svalbard Lufthavn,SN99840,28.03.2022 00:00,24.34,0,-13.9,6.2
Svalbard Lufthavn,SN99840,28.03.2022 01:00,24.35,0,-15.2,7.6
Svalbard Lufthavn,SN99840,28.03.2022 02:00,24.34,0,-15.3,7.2
Svalbard Lufthavn,SN99840,28.03.2022 03:00,24.34,0,-14.9,6.6
Svalbard Lufthavn,SN99840,28.03.2022 04:00,24.34,0,-15.1,6.2
Svalbard Lufthavn,SN99840,28.03.2022 05:00,24.34,0,-14.2,3.8
Svalbard Lufthavn,SN99840,28.03.2022 06:00,24.33,0,-12.9,3.3
Svalbard Lufthavn,SN99840,28.03.2022 07:00,24.31,0,-12.8,5.1
Svalbard Lufthavn,SN99840,28.03.2022 08:00,24.3,0,-12.7,4.4
Svalbard Lufthavn,SN99840,28.03.2022 09:00,24.31,0,-12.1,3.5
Svalbard Lufthavn,SN99840,28.03.2022 10:00,24.32,0,-11.7,5.1
Svalbard Lufthavn,SN99840,28.03.2022 11:00,24.32,0,-11.1,5.9
Svalbard Lufthavn,SN99840,28.03.2022 12:00,24.34,0,-11.8,5.8
Svalbard Lufthavn,SN99840,28.03.2022 13:00,24.33,0,-11.1,5.5
Svalbard Lufthavn,SN99840,28.03.2022 14:00,24.32,0,-11.1,5
Svalbard Lufthavn,SN99840,28.03.2022 15:00,24.33,0,-10.9,3.9
Svalbard Lufthavn,SN99840,28.03.2022 16:00,24.33,0,-10.6,3.5
Svalbard Lufthavn,SN99840,28.03.2022 17:00,24.32,0,-11.1,1.9
Svalbard Lufthavn,SN99840,28.03.2022 18:00,24.32,0,-12.9,3.9
Svalbard Lufthavn,SN99840,28.03.2022 19:00,24.32,0,-12.2,3.6
Svalbard Lufthavn,SN99840,28.03.2022 20:00,24.32,0,-12.7,3.9
Svalbard Lufthavn,SN99840,28.03.2022 21:00,24.32,0,-13,3.1
Svalbard Lufthavn,SN99840,28.03.2022 22:00,24.33,0,-14,2.5
Svalbard Lufthavn,SN99840,28.03.2022 23:00,24.32,0,-13,3.2
Svalbard Lufthavn,SN99840,29.03.2022 00:00,24.31,0,-14.4,2.7
Svalbard Lufthavn,SN99840,29.03.2022 01:00,24.31,0,-12.8,2.2
Svalbard Lufthavn,SN99840,29.03.2022 02:00,24.3,0,-12.6,2.6
Svalbard Lufthavn,SN99840,29.03.2022 03:00,24.29,0,-13.4,5.2
Svalbard Lufthavn,SN99840,29.03.2022 04:00,24.3,0,-14.6,2.8
Svalbard Lufthavn,SN99840,29.03.2022 05:00,24.31,0,-12.3,1.5
Svalbard Lufthavn,SN99840,29.03.2022 06:00,24.28,0,-12.6,1.5
Svalbard Lufthavn,SN99840,29.03.2022 07:00,24.27,0,-13.9,1.7
Svalbard Lufthavn,SN99840,29.03.2022 08:00,24.26,0,-11.5,1.8
Svalbard Lufthavn,SN99840,29.03.2022 09:00,24.28,0,-12.1,3
Svalbard Lufthavn,SN99840,29.03.2022 10:00,24.28,0,-11,3.2
Svalbard Lufthavn,SN99840,29.03.2022 11:00,24.29,0,-13.2,3.5
Svalbard Lufthavn,SN99840,29.03.2022 12:00,24.28,0,-9.6,3
Svalbard Lufthavn,SN99840,29.03.2022 13:00,24.3,0,-11.2,3.4
Svalbard Lufthavn,SN99840,29.03.2022 14:00,24.28,0,-10.1,4.5
Svalbard Lufthavn,SN99840,29.03.2022 15:00,24.29,0,-10.4,3.4
Svalbard Lufthavn,SN99840,29.03.2022 16:00,24.27,0,-10.9,4.3
Svalbard Lufthavn,SN99840,29.03.2022 17:00,24.3,0,-9.4,6.5
Svalbard Lufthavn,SN99840,29.03.2022 18:00,24.27,0,-10.5,5.1
Svalbard Lufthavn,SN99840,29.03.2022 19:00,24.28,0,-12,1.7
Svalbard Lufthavn,SN99840,29.03.2022 20:00,24.28,0,-11,3
Svalbard Lufthavn,SN99840,29.03.2022 21:00,24.27,0,-12,3
Svalbard Lufthavn,SN99840,29.03.2022 22:00,24.26,0,-12.2,3.5
Svalbard Lufthavn,SN99840,29.03.2022 23:00,24.27,0,-10.9,3.3
Svalbard Lufthavn,SN99840,30.03.2022 00:00,24.27,0,-12.8,2.9
Svalbard Lufthavn,SN99840,30.03.2022 01:00,24.26,0,-13.5,4.1
Svalbard Lufthavn,SN99840,30.03.2022 02:00,24.25,0,-12.7,3.9
Svalbard Lufthavn,SN99840,30.03.2022 03:00,24.25,0,-12.6,3.4
Svalbard Lufthavn,SN99840,30.03.2022 04:00,24.25,0,-12,5
Svalbard Lufthavn,SN99840,30.03.2022 05:00,24.26,0,-12.4,4.9
Svalbard Lufthavn,SN99840,30.03.2022 06:00,24.25,0,-11.6,1.8
Svalbard Lufthavn,SN99840,30.03.2022 07:00,24.25,0,-11.1,1.7
Svalbard Lufthavn,SN99840,30.03.2022 08:00,24.23,0,-12.3,0.5
Svalbard Lufthavn,SN99840,30.03.2022 09:00,24.22,0,-11.2,1.7
Svalbard Lufthavn,SN99840,30.03.2022 10:00,24.24,0,-11.6,1.9
Svalbard Lufthavn,SN99840,30.03.2022 11:00,24.24,0,-10.1,0.6
Svalbard Lufthavn,SN99840,30.03.2022 12:00,24.25,0,-10.4,2.4
Svalbard Lufthavn,SN99840,30.03.2022 13:00,24.27,0,-10.5,4.1
Svalbard Lufthavn,SN99840,30.03.2022 14:00,24.25,0,-10.8,3.5
Svalbard Lufthavn,SN99840,30.03.2022 15:00,24.25,0,-11.3,5
Svalbard Lufthavn,SN99840,30.03.2022 16:00,24.25,0,-10.4,3.9
Svalbard Lufthavn,SN99840,30.03.2022 17:00,24.25,0,-12,4.1
Svalbard Lufthavn,SN99840,30.03.2022 18:00,24.25,0,-12.1,3.8
Svalbard Lufthavn,SN99840,30.03.2022 19:00,24.25,0,-12.5,3.5
Svalbard Lufthavn,SN99840,30.03.2022 20:00,24.25,0,-14.7,4.4
Svalbard Lufthavn,SN99840,30.03.2022 21:00,24.25,0,-15.5,6
Svalbard Lufthavn,SN99840,30.03.2022 22:00,24.24,0,-14.4,4.3
Svalbard Lufthavn,SN99840,30.03.2022 23:00,24.25,0,-16.4,3.7
Svalbard Lufthavn,SN99840,31.03.2022 00:00,24.25,0,-14.7,3.3
Svalbard Lufthavn,SN99840,31.03.2022 01:00,24.24,0,-14.5,0.4
Svalbard Lufthavn,SN99840,31.03.2022 02:00,24.25,0,-14.9,1.7
Svalbard Lufthavn,SN99840,31.03.2022 03:00,24.23,0,-14.7,1.3
Svalbard Lufthavn,SN99840,31.03.2022 04:00,24.26,0,-14.3,1.8
Svalbard Lufthavn,SN99840,31.03.2022 05:00,24.24,0,-15.4,2.3
Svalbard Lufthavn,SN99840,31.03.2022 06:00,24.24,0,-14.1,2.6
Svalbard Lufthavn,SN99840,31.03.2022 07:00,24.22,0,-13.7,2.3
Svalbard Lufthavn,SN99840,31.03.2022 08:00,24.21,0,-12.9,2
Svalbard Lufthavn,SN99840,31.03.2022 09:00,24.22,0,-12,2.2
Svalbard Lufthavn,SN99840,31.03.2022 10:00,24.23,0,-11.7,1.5
Svalbard Lufthavn,SN99840,31.03.2022 11:00,24.23,0,-11.2,1.4
Svalbard Lufthavn,SN99840,31.03.2022 12:00,24.38,0,-11.5,2.3
Svalbard Lufthavn,SN99840,31.03.2022 13:00,24.43,0,-12.5,3.2
Svalbard Lufthavn,SN99840,31.03.2022 14:00,24.52,0,-11.8,1.6
Svalbard Lufthavn,SN99840,31.03.2022 15:00,24.69,0.1,-12.2,2.1
Svalbard Lufthavn,SN99840,31.03.2022 16:00,24.93,0,-12.1,1.6
Svalbard Lufthavn,SN99840,31.03.2022 17:00,24.93,0,-12.2,2.9
Svalbard Lufthavn,SN99840,31.03.2022 18:00,24.94,0,-12.2,3.7
Svalbard Lufthavn,SN99840,31.03.2022 19:00,24.99,0.1,-12.3,3.1
Svalbard Lufthavn,SN99840,31.03.2022 20:00,24.99,0,-12.9,4.2
Svalbard Lufthavn,SN99840,31.03.2022 21:00,24.99,0,-12.8,4.4
Svalbard Lufthavn,SN99840,31.03.2022 22:00,24.91,0,-13.2,5.4
Svalbard Lufthavn,SN99840,31.03.2022 23:00,24.36,0,-12.4,6.9
Svalbard Lufthavn,SN99840,01.04.2022 00:00,24.36,0,-12.6,9.3
Svalbard Lufthavn,SN99840,01.04.2022 01:00,24.35,0,-13.1,7.4
Svalbard Lufthavn,SN99840,01.04.2022 02:00,24.33,0,-13.8,9.4
Svalbard Lufthavn,SN99840,01.04.2022 03:00,24.31,0,-14.1,9.8
Svalbard Lufthavn,SN99840,01.04.2022 04:00,24.32,0,-14.8,10.4
Svalbard Lufthavn,SN99840,01.04.2022 05:00,24.31,0,-15.4,9.2
Svalbard Lufthavn,SN99840,01.04.2022 06:00,24.31,0,-15.3,10.2
Svalbard Lufthavn,SN99840,01.04.2022 07:00,24.3,0,-15.4,10.6
Svalbard Lufthavn,SN99840,01.04.2022 08:00,24.3,0,-15.7,9.6
Svalbard Lufthavn,SN99840,01.04.2022 09:00,24.33,0,-15.4,8.7
Svalbard Lufthavn,SN99840,01.04.2022 10:00,24.34,0,-15.6,9.2
Svalbard Lufthavn,SN99840,01.04.2022 11:00,24.32,0,-15.4,8.3
Svalbard Lufthavn,SN99840,01.04.2022 12:00,24.31,0,-15.3,6.8
Svalbard Lufthavn,SN99840,01.04.2022 13:00,24.27,0,-15.4,6.7
Svalbard Lufthavn,SN99840,01.04.2022 14:00,24.25,0,-15.3,5.4
Svalbard Lufthavn,SN99840,01.04.2022 15:00,24.24,0,-15.4,4.4
Svalbard Lufthavn,SN99840,01.04.2022 16:00,24.23,0,-15.6,3.7
Svalbard Lufthavn,SN99840,01.04.2022 17:00,24.23,0,-16.3,4.2
Svalbard Lufthavn,SN99840,01.04.2022 18:00,24.23,0,-16.1,3.3
Svalbard Lufthavn,SN99840,01.04.2022 19:00,24.23,0,-16.9,4.1
Svalbard Lufthavn,SN99840,01.04.2022 20:00,24.23,0,-18.3,6
Svalbard Lufthavn,SN99840,01.04.2022 21:00,24.23,0,-17.4,5.8
Svalbard Lufthavn,SN99840,01.04.2022 22:00,24.25,0,-19.9,5.3
Svalbard Lufthavn,SN99840,01.04.2022 23:00,24.23,0,-19.4,4.8
Svalbard Lufthavn,SN99840,02.04.2022 00:00,24.24,0,-19.3,4.9
Svalbard Lufthavn,SN99840,02.04.2022 01:00,24.25,0,-19.4,3.8
Svalbard Lufthavn,SN99840,02.04.2022 02:00,24.25,0,-18.9,3.9
Svalbard Lufthavn,SN99840,02.04.2022 03:00,24.25,0,-19.7,4.5
Svalbard Lufthavn,SN99840,02.04.2022 04:00,24.25,0,-19.7,4.4
Svalbard Lufthavn,SN99840,02.04.2022 05:00,24.25,0,-21,4.1
Svalbard Lufthavn,SN99840,02.04.2022 06:00,24.22,0,-20.3,4.9
Svalbard Lufthavn,SN99840,02.04.2022 07:00,24.2,0,-18.8,4.7
Svalbard Lufthavn,SN99840,02.04.2022 08:00,24.21,0,-18.8,3.4
Svalbard Lufthavn,SN99840,02.04.2022 09:00,24.22,0,-17.6,3.4
Svalbard Lufthavn,SN99840,02.04.2022 10:00,24.21,0,-16.6,4.2
Svalbard Lufthavn,SN99840,02.04.2022 11:00,24.22,0,-16.8,4.3
Svalbard Lufthavn,SN99840,02.04.2022 12:00,24.23,0,-16.8,4.6
Svalbard Lufthavn,SN99840,02.04.2022 13:00,24.24,0,-16.7,4.4
Svalbard Lufthavn,SN99840,02.04.2022 14:00,24.24,0,-16.9,5
Svalbard Lufthavn,SN99840,02.04.2022 15:00,24.22,0,-17.4,4.6
Svalbard Lufthavn,SN99840,02.04.2022 16:00,24.22,0,-17.1,4.8
Svalbard Lufthavn,SN99840,02.04.2022 17:00,24.21,0,-17.4,4.6
Svalbard Lufthavn,SN99840,02.04.2022 18:00,24.21,0,-16.9,4.4
Svalbard Lufthavn,SN99840,02.04.2022 19:00,24.22,0,-17.2,4.9
Svalbard Lufthavn,SN99840,02.04.2022 20:00,24.22,0,-17,4
Svalbard Lufthavn,SN99840,02.04.2022 21:00,24.22,0,-16.7,3.7
Svalbard Lufthavn,SN99840,02.04.2022 22:00,24.23,0,-16.3,5.1
Svalbard Lufthavn,SN99840,02.04.2022 23:00,24.23,0,-18,5.2
Svalbard Lufthavn,SN99840,03.04.2022 00:00,24.23,0,-17.4,5.5
Svalbard Lufthavn,SN99840,03.04.2022 01:00,24.22,0,-17.1,6
Svalbard Lufthavn,SN99840,03.04.2022 02:00,24.23,0,-15.5,6.8
Svalbard Lufthavn,SN99840,03.04.2022 03:00,24.23,0,-14.9,6.5
Svalbard Lufthavn,SN99840,03.04.2022 04:00,24.23,0,-14.6,6.3
Svalbard Lufthavn,SN99840,03.04.2022 05:00,24.21,0,-14.5,7.9
Svalbard Lufthavn,SN99840,03.04.2022 06:00,24.2,0,-14.7,6.2
Svalbard Lufthavn,SN99840,03.04.2022 07:00,24.18,0,-13.5,7.9
Svalbard Lufthavn,SN99840,03.04.2022 08:00,24.19,0,-13.3,7.8
Svalbard Lufthavn,SN99840,03.04.2022 09:00,24.19,0,-13.2,6.4
Svalbard Lufthavn,SN99840,03.04.2022 10:00,24.2,0,-13.4,7.9
Svalbard Lufthavn,SN99840,03.04.2022 11:00,24.22,0,-13.2,8.3
Svalbard Lufthavn,SN99840,03.04.2022 12:00,24.22,0,-13.6,7.7
Svalbard Lufthavn,SN99840,03.04.2022 13:00,24.22,0,-13.2,7.8
Svalbard Lufthavn,SN99840,03.04.2022 14:00,24.23,0,-13.7,9
Svalbard Lufthavn,SN99840,03.04.2022 15:00,24.19,0,-13.5,8.2
Svalbard Lufthavn,SN99840,03.04.2022 16:00,24.17,0,-13.5,8.9
Svalbard Lufthavn,SN99840,03.04.2022 17:00,24.22,0,-13.4,10.5
Svalbard Lufthavn,SN99840,03.04.2022 18:00,24.2,0,-13.2,9.8
Svalbard Lufthavn,SN99840,03.04.2022 19:00,24.18,0,-13.5,9.3
Svalbard Lufthavn,SN99840,03.04.2022 20:00,24.18,0,-13.7,8.2
Svalbard Lufthavn,SN99840,03.04.2022 21:00,24.19,0,-13.4,9.8
Svalbard Lufthavn,SN99840,03.04.2022 22:00,24.2,0,-13.3,10.4
Svalbard Lufthavn,SN99840,03.04.2022 23:00,24.18,0,-13.7,8.8
Svalbard Lufthavn,SN99840,04.04.2022 00:00,24.16,0,-13.3,10.2
Svalbard Lufthavn,SN99840,04.04.2022 01:00,24.2,0,-13.1,9.6
Svalbard Lufthavn,SN99840,04.04.2022 02:00,24.17,0,-13.1,10.5
Svalbard Lufthavn,SN99840,04.04.2022 03:00,24.16,0,-13.5,10.9
Svalbard Lufthavn,SN99840,04.04.2022 04:00,24.1,0,-13.2,11.2
Svalbard Lufthavn,SN99840,04.04.2022 05:00,24.01,0,-12.4,10.8
Svalbard Lufthavn,SN99840,04.04.2022 06:00,23.87,0,-12.2,8.6
Svalbard Lufthavn,SN99840,04.04.2022 07:00,23.69,0,-11.8,10.6
Svalbard Lufthavn,SN99840,04.04.2022 08:00,23.58,0,-11.6,9.4
Svalbard Lufthavn,SN99840,04.04.2022 09:00,23.51,0,-10.7,10.1
Svalbard Lufthavn,SN99840,04.04.2022 10:00,23.5,0,-11.4,8.5
Svalbard Lufthavn,SN99840,04.04.2022 11:00,23.45,0,-11.3,6.8
Svalbard Lufthavn,SN99840,04.04.2022 12:00,23.43,0,-10.7,9
Svalbard Lufthavn,SN99840,04.04.2022 13:00,23.43,0,-11.2,10.1
Svalbard Lufthavn,SN99840,04.04.2022 14:00,23.34,0,-12.1,6.6
Svalbard Lufthavn,SN99840,04.04.2022 15:00,23.28,0,-11.7,8.2
Svalbard Lufthavn,SN99840,04.04.2022 16:00,23.26,0,-11.3,10.3
Svalbard Lufthavn,SN99840,04.04.2022 17:00,23.25,0,-11.8,10.9
Svalbard Lufthavn,SN99840,04.04.2022 18:00,23.25,0,-12.2,11
Svalbard Lufthavn,SN99840,04.04.2022 19:00,23.21,0,-12.2,10.7
Svalbard Lufthavn,SN99840,04.04.2022 20:00,23.12,0,-12.2,10.8
Svalbard Lufthavn,SN99840,04.04.2022 21:00,23.01,0,-11.9,9.8
Svalbard Lufthavn,SN99840,04.04.2022 22:00,22.99,0,-11.9,9.1
Svalbard Lufthavn,SN99840,04.04.2022 23:00,22.9,0,-12.1,10.9
Svalbard Lufthavn,SN99840,05.04.2022 00:00,22.9,0,-11.3,10.1
Svalbard Lufthavn,SN99840,05.04.2022 01:00,22.86,0,-11.2,8.8
Svalbard Lufthavn,SN99840,05.04.2022 02:00,22.86,0,-12.3,7.2
Svalbard Lufthavn,SN99840,05.04.2022 03:00,22.87,0,-12.2,7.1
Svalbard Lufthavn,SN99840,05.04.2022 04:00,22.88,0,-11.8,9.7
Svalbard Lufthavn,SN99840,05.04.2022 05:00,22.86,0,-11.6,9.4
Svalbard Lufthavn,SN99840,05.04.2022 06:00,22.83,0,-11.2,9.5
Svalbard Lufthavn,SN99840,05.04.2022 07:00,22.88,0,-11.2,8.6
Svalbard Lufthavn,SN99840,05.04.2022 08:00,22.82,0,-10.8,7.8
Svalbard Lufthavn,SN99840,05.04.2022 09:00,22.8,0,-10.9,7.2
Svalbard Lufthavn,SN99840,05.04.2022 10:00,22.81,0,-9.6,6.1
Svalbard Lufthavn,SN99840,05.04.2022 11:00,22.82,0,-10.2,8
Svalbard Lufthavn,SN99840,05.04.2022 12:00,22.82,0,-9.9,6.6
Svalbard Lufthavn,SN99840,05.04.2022 13:00,22.84,0,-9.6,5.4
Svalbard Lufthavn,SN99840,05.04.2022 14:00,22.84,0,-10.1,7.3
Svalbard Lufthavn,SN99840,05.04.2022 15:00,22.84,0,-10.4,7
Svalbard Lufthavn,SN99840,05.04.2022 16:00,22.84,0,-10.1,4.4
Svalbard Lufthavn,SN99840,05.04.2022 17:00,22.82,0,-10.7,6.9
Svalbard Lufthavn,SN99840,05.04.2022 18:00,22.81,0,-11.2,7.4
Svalbard Lufthavn,SN99840,05.04.2022 19:00,22.81,0,-11.6,6.7
Svalbard Lufthavn,SN99840,05.04.2022 20:00,22.82,0,-11.4,6.7
Svalbard Lufthavn,SN99840,05.04.2022 21:00,22.83,0,-11.7,6.4
Svalbard Lufthavn,SN99840,05.04.2022 22:00,22.81,0,-11.9,6.8
Svalbard Lufthavn,SN99840,05.04.2022 23:00,22.82,0,-12.1,7.7
Svalbard Lufthavn,SN99840,06.04.2022 00:00,22.82,0,-12.1,6.9
Svalbard Lufthavn,SN99840,06.04.2022 01:00,22.82,0,-13,7.9
Svalbard Lufthavn,SN99840,06.04.2022 02:00,22.82,0,-12.1,7.1
Svalbard Lufthavn,SN99840,06.04.2022 03:00,22.83,0,-13.3,6.9
Svalbard Lufthavn,SN99840,06.04.2022 04:00,22.83,0,-13.1,6.4
Svalbard Lufthavn,SN99840,06.04.2022 05:00,22.82,0,-13.7,6.3
Svalbard Lufthavn,SN99840,06.04.2022 06:00,22.8,0,-12.4,7.2
Svalbard Lufthavn,SN99840,06.04.2022 07:00,22.8,0,-12,5.4
Svalbard Lufthavn,SN99840,06.04.2022 08:00,22.8,0,-12.5,7.5
Svalbard Lufthavn,SN99840,06.04.2022 09:00,22.81,0,-11.9,6.3
Svalbard Lufthavn,SN99840,06.04.2022 10:00,22.82,0,-10.3,5.1
Svalbard Lufthavn,SN99840,06.04.2022 11:00,22.83,0,-10.4,4.6
Svalbard Lufthavn,SN99840,06.04.2022 12:00,22.83,0,-9.9,4.1
Svalbard Lufthavn,SN99840,06.04.2022 13:00,22.82,0,-10.2,6.5
Svalbard Lufthavn,SN99840,06.04.2022 14:00,22.83,0,-10.9,6.3
Svalbard Lufthavn,SN99840,06.04.2022 15:00,22.8,0,-10.1,5.5
Svalbard Lufthavn,SN99840,06.04.2022 16:00,22.8,0,-10,5.1
Svalbard Lufthavn,SN99840,06.04.2022 17:00,22.81,0,-10,5.8
Svalbard Lufthavn,SN99840,06.04.2022 18:00,22.8,0,-9.9,6.2
Svalbard Lufthavn,SN99840,06.04.2022 19:00,22.81,0,-10.2,7.1
Svalbard Lufthavn,SN99840,06.04.2022 20:00,22.8,0,-10.4,8.9
Svalbard Lufthavn,SN99840,06.04.2022 21:00,22.81,0,-10.3,6.8
Svalbard Lufthavn,SN99840,06.04.2022 22:00,22.79,0,-11.7,6.3
Svalbard Lufthavn,SN99840,06.04.2022 23:00,22.79,0,-11.6,6.4
Svalbard Lufthavn,SN99840,07.04.2022 00:00,22.8,0,-11.8,6.8
Svalbard Lufthavn,SN99840,07.04.2022 01:00,22.79,0,-11.5,6
Svalbard Lufthavn,SN99840,07.04.2022 02:00,22.8,0,-11.6,5
Svalbard Lufthavn,SN99840,07.04.2022 03:00,22.79,0,-10.6,4.3
Svalbard Lufthavn,SN99840,07.04.2022 04:00,22.79,0,-10.7,3.8
Svalbard Lufthavn,SN99840,07.04.2022 05:00,22.79,0,-11,4.5
Svalbard Lufthavn,SN99840,07.04.2022 06:00,22.78,0,-10.8,6.4
Svalbard Lufthavn,SN99840,07.04.2022 07:00,22.75,0,-10.4,4.5
Svalbard Lufthavn,SN99840,07.04.2022 08:00,22.76,0,-10.4,5
Svalbard Lufthavn,SN99840,07.04.2022 09:00,22.76,0,-10.3,4.8
Svalbard Lufthavn,SN99840,07.04.2022 10:00,22.78,0,-10.2,4.9
Svalbard Lufthavn,SN99840,07.04.2022 11:00,22.79,0,-10,4.6
Svalbard Lufthavn,SN99840,07.04.2022 12:00,22.8,0,-10,4.8
Svalbard Lufthavn,SN99840,07.04.2022 13:00,22.86,0,-10.1,4
Svalbard Lufthavn,SN99840,07.04.2022 14:00,22.82,0,-10.2,4.2
Svalbard Lufthavn,SN99840,07.04.2022 15:00,22.8,0,-10.9,4.4
Svalbard Lufthavn,SN99840,07.04.2022 16:00,22.78,0,-11,4.8
Svalbard Lufthavn,SN99840,07.04.2022 17:00,22.77,0,-11.1,4.9
Svalbard Lufthavn,SN99840,07.04.2022 18:00,22.76,0,-11.1,5.5
Svalbard Lufthavn,SN99840,07.04.2022 19:00,22.75,0,-11.5,6.4
Svalbard Lufthavn,SN99840,07.04.2022 20:00,22.77,0,-12.5,5.6
Svalbard Lufthavn,SN99840,07.04.2022 21:00,22.75,0,-12,6.6
Svalbard Lufthavn,SN99840,07.04.2022 22:00,22.76,0,-13.8,6.4
Svalbard Lufthavn,SN99840,07.04.2022 23:00,22.78,0,-14.5,8.1
Svalbard Lufthavn,SN99840,08.04.2022 00:00,22.78,0,-14.5,7.1
Svalbard Lufthavn,SN99840,08.04.2022 01:00,22.78,0,-14.6,7.2
Svalbard Lufthavn,SN99840,08.04.2022 02:00,22.78,0,-14.6,7.2
Svalbard Lufthavn,SN99840,08.04.2022 03:00,22.78,0,-14.4,7.1
Svalbard Lufthavn,SN99840,08.04.2022 04:00,22.78,0,-15.2,7.4
Svalbard Lufthavn,SN99840,08.04.2022 05:00,22.78,0,-14,6
Svalbard Lufthavn,SN99840,08.04.2022 06:00,22.75,0,-14.2,7.8
Svalbard Lufthavn,SN99840,08.04.2022 07:00,22.75,0,-13.3,5.7
Svalbard Lufthavn,SN99840,08.04.2022 08:00,22.75,0,-13.3,7.5
Svalbard Lufthavn,SN99840,08.04.2022 09:00,22.76,0,-12,6.3
Svalbard Lufthavn,SN99840,08.04.2022 10:00,22.78,0,-11.5,6.5
Svalbard Lufthavn,SN99840,08.04.2022 11:00,22.79,0,-10.9,5.3
Svalbard Lufthavn,SN99840,08.04.2022 12:00,22.79,0,-10.7,4.6
Svalbard Lufthavn,SN99840,08.04.2022 13:00,22.79,0,-10.5,4.1
Svalbard Lufthavn,SN99840,08.04.2022 14:00,22.78,0,-9.6,5.1
Svalbard Lufthavn,SN99840,08.04.2022 15:00,22.76,0,-9.8,4.1
Svalbard Lufthavn,SN99840,08.04.2022 16:00,22.75,0,-9.8,5.6
Svalbard Lufthavn,SN99840,08.04.2022 17:00,22.76,0,-9.8,6
Svalbard Lufthavn,SN99840,08.04.2022 18:00,22.76,0,-11,5.7
Svalbard Lufthavn,SN99840,08.04.2022 19:00,22.75,0,-11.2,7
Svalbard Lufthavn,SN99840,08.04.2022 20:00,22.75,0,-11.7,5.4
Svalbard Lufthavn,SN99840,08.04.2022 21:00,22.75,0,-11.3,8
Svalbard Lufthavn,SN99840,08.04.2022 22:00,22.76,0,-11.6,8
Svalbard Lufthavn,SN99840,08.04.2022 23:00,22.76,0,-11.1,6.1
Svalbard Lufthavn,SN99840,09.04.2022 00:00,22.76,0,-11.8,6.2
Svalbard Lufthavn,SN99840,09.04.2022 01:00,22.75,0,-10.4,4.7
Svalbard Lufthavn,SN99840,09.04.2022 02:00,22.75,0,-8.3,6
Svalbard Lufthavn,SN99840,09.04.2022 03:00,22.74,0,-8.3,4.2
Svalbard Lufthavn,SN99840,09.04.2022 04:00,22.73,0,-7.5,8.3
Svalbard Lufthavn,SN99840,09.04.2022 05:00,22.75,0,-7.2,6.6
Svalbard Lufthavn,SN99840,09.04.2022 06:00,22.74,0,-6.9,8
Svalbard Lufthavn,SN99840,09.04.2022 07:00,22.73,0,-5.9,5.9
Svalbard Lufthavn,SN99840,09.04.2022 08:00,22.71,0,-4.8,5.8
Svalbard Lufthavn,SN99840,09.04.2022 09:00,22.69,0,-4.3,5.4
Svalbard Lufthavn,SN99840,09.04.2022 10:00,22.68,0,-4.2,6.6
Svalbard Lufthavn,SN99840,09.04.2022 11:00,22.7,0,-4.4,6.6
Svalbard Lufthavn,SN99840,09.04.2022 12:00,22.68,0,-4.2,5.3
Svalbard Lufthavn,SN99840,09.04.2022 13:00,22.68,0,-3.9,7
Svalbard Lufthavn,SN99840,09.04.2022 14:00,22.66,0,-4,3.7
Svalbard Lufthavn,SN99840,09.04.2022 15:00,22.66,0,-4.2,5.5
Svalbard Lufthavn,SN99840,09.04.2022 16:00,22.68,0,-4.8,5.8
Svalbard Lufthavn,SN99840,09.04.2022 17:00,22.72,0,-4.6,6.1
Svalbard Lufthavn,SN99840,09.04.2022 18:00,22.72,0,-5.1,6.2
Svalbard Lufthavn,SN99840,09.04.2022 19:00,22.66,0,-5.9,5.3
Svalbard Lufthavn,SN99840,09.04.2022 20:00,22.66,0,-6.2,6.6
Svalbard Lufthavn,SN99840,09.04.2022 21:00,22.67,0,-6.4,7.3
Svalbard Lufthavn,SN99840,09.04.2022 22:00,22.71,0,-7.1,6.4
Svalbard Lufthavn,SN99840,09.04.2022 23:00,22.67,0,-7.5,6.8
Svalbard Lufthavn,SN99840,10.04.2022 00:00,22.7,0,-7.3,6.4
Svalbard Lufthavn,SN99840,10.04.2022 01:00,22.68,0,-6.9,8
Svalbard Lufthavn,SN99840,10.04.2022 02:00,22.67,0,-7.5,9.5
Svalbard Lufthavn,SN99840,10.04.2022 03:00,22.67,0,-8.3,11.1
Svalbard Lufthavn,SN99840,10.04.2022 04:00,22.67,0,-8.1,10.4
Svalbard Lufthavn,SN99840,10.04.2022 05:00,22.67,0,-8.7,10.7
Svalbard Lufthavn,SN99840,10.04.2022 06:00,22.65,0,-8.9,10.3
Svalbard Lufthavn,SN99840,10.04.2022 07:00,22.63,0,-8.6,10.2
Svalbard Lufthavn,SN99840,10.04.2022 08:00,22.63,0,-8.4,10.7
Svalbard Lufthavn,SN99840,10.04.2022 09:00,22.65,0,-8.6,11
Svalbard Lufthavn,SN99840,10.04.2022 10:00,22.65,0,-8.9,11.3
Svalbard Lufthavn,SN99840,10.04.2022 11:00,22.67,0,-8.8,11.8
Svalbard Lufthavn,SN99840,10.04.2022 12:00,22.64,0,-8.5,11.2
Svalbard Lufthavn,SN99840,10.04.2022 13:00,22.64,0,-8.8,10.7
Svalbard Lufthavn,SN99840,10.04.2022 14:00,22.63,0,-9.5,11.5
Svalbard Lufthavn,SN99840,10.04.2022 15:00,22.6,0,-9.4,12.4
Svalbard Lufthavn,SN99840,10.04.2022 16:00,22.59,0,-9.8,12
Svalbard Lufthavn,SN99840,10.04.2022 17:00,22.44,0,-9.8,11.1
Svalbard Lufthavn,SN99840,10.04.2022 18:00,22.41,0,-10.1,11.2
Svalbard Lufthavn,SN99840,10.04.2022 19:00,22.4,0,-10.5,11.5
Svalbard Lufthavn,SN99840,10.04.2022 20:00,22.41,0,-11.2,10.6
Svalbard Lufthavn,SN99840,10.04.2022 21:00,22.44,0,-11.4,11.9
Svalbard Lufthavn,SN99840,10.04.2022 22:00,22.26,0,-11.7,8
Svalbard Lufthavn,SN99840,10.04.2022 23:00,22.28,0,-11.9,8.4
Svalbard Lufthavn,SN99840,11.04.2022 00:00,22.28,0,-11.8,7.5
Svalbard Lufthavn,SN99840,11.04.2022 01:00,22.28,0,-11.5,9.9
Svalbard Lufthavn,SN99840,11.04.2022 02:00,22.27,0,-11.3,9.3
Svalbard Lufthavn,SN99840,11.04.2022 03:00,22.29,0,-11.6,8.6
Svalbard Lufthavn,SN99840,11.04.2022 04:00,22.28,0,-10.8,8.3
Svalbard Lufthavn,SN99840,11.04.2022 05:00,22.27,0,-10.5,8.5
Svalbard Lufthavn,SN99840,11.04.2022 06:00,22.23,0,-11,9
Svalbard Lufthavn,SN99840,11.04.2022 07:00,22.22,0,-11.3,10
Svalbard Lufthavn,SN99840,11.04.2022 08:00,22.23,0,-12.5,11.8
Svalbard Lufthavn,SN99840,11.04.2022 09:00,22.07,0,-13.1,11
Svalbard Lufthavn,SN99840,11.04.2022 10:00,21.89,0,-12.4,10.3
Svalbard Lufthavn,SN99840,11.04.2022 11:00,21.9,0,-11.8,8.3
Svalbard Lufthavn,SN99840,11.04.2022 12:00,21.91,0,-12.6,9.8
Svalbard Lufthavn,SN99840,11.04.2022 13:00,21.91,0,-12.3,8.5
Svalbard Lufthavn,SN99840,11.04.2022 14:00,21.94,0,-12.2,6.6
Svalbard Lufthavn,SN99840,11.04.2022 15:00,21.86,0,-12.9,7.9
Svalbard Lufthavn,SN99840,11.04.2022 16:00,21.86,0,-12.6,6.1
Svalbard Lufthavn,SN99840,11.04.2022 17:00,21.86,0,-12.3,4.7
Svalbard Lufthavn,SN99840,11.04.2022 18:00,21.86,0,-11.5,6
Svalbard Lufthavn,SN99840,11.04.2022 19:00,21.85,0,-12.5,5
Svalbard Lufthavn,SN99840,11.04.2022 20:00,21.86,0,-12.6,5.3
Svalbard Lufthavn,SN99840,11.04.2022 21:00,21.86,0,-14.3,5
Svalbard Lufthavn,SN99840,11.04.2022 22:00,21.86,0,-13.3,4.8
Svalbard Lufthavn,SN99840,11.04.2022 23:00,21.87,0,-14.1,4.1
Svalbard Lufthavn,SN99840,12.04.2022 00:00,21.9,0,-14.2,3
Svalbard Lufthavn,SN99840,12.04.2022 01:00,21.88,0,-14.9,1.7
Svalbard Lufthavn,SN99840,12.04.2022 02:00,21.87,0,-15.2,1.5
Svalbard Lufthavn,SN99840,12.04.2022 03:00,21.88,0,-14.1,1.6
Svalbard Lufthavn,SN99840,12.04.2022 04:00,21.88,0,-14.9,1.1
Svalbard Lufthavn,SN99840,12.04.2022 05:00,21.88,0,-15.3,2.5
Svalbard Lufthavn,SN99840,12.04.2022 06:00,21.83,0,-13.5,3.3
Svalbard Lufthavn,SN99840,12.04.2022 07:00,21.83,0,-12.4,1.8
Svalbard Lufthavn,SN99840,12.04.2022 08:00,21.83,0,-12.2,2.5
Svalbard Lufthavn,SN99840,12.04.2022 09:00,21.84,0,-10.6,0.7
Svalbard Lufthavn,SN99840,12.04.2022 10:00,21.83,0,-9.8,2.1
Svalbard Lufthavn,SN99840,12.04.2022 11:00,21.86,0,-9.9,2.1
Svalbard Lufthavn,SN99840,12.04.2022 12:00,21.82,0,-9,0.8
Svalbard Lufthavn,SN99840,12.04.2022 13:00,21.85,0,-9.5,2
Svalbard Lufthavn,SN99840,12.04.2022 14:00,21.86,0,-9.6,2.2
Svalbard Lufthavn,SN99840,12.04.2022 15:00,21.82,0,-8.6,1.1
Svalbard Lufthavn,SN99840,12.04.2022 16:00,21.82,0,-8.9,1.9
Svalbard Lufthavn,SN99840,12.04.2022 17:00,21.82,0,-9.3,2.8
Svalbard Lufthavn,SN99840,12.04.2022 18:00,21.8,0,-8.9,2.2
Svalbard Lufthavn,SN99840,12.04.2022 19:00,21.82,0.1,-9.3,2.3
Svalbard Lufthavn,SN99840,12.04.2022 20:00,21.8,0,-9.2,0
Svalbard Lufthavn,SN99840,12.04.2022 21:00,21.8,0,-9.1,1
Svalbard Lufthavn,SN99840,12.04.2022 22:00,21.8,0,-9.4,4
Svalbard Lufthavn,SN99840,12.04.2022 23:00,21.93,0,-9.5,2.2
Svalbard Lufthavn,SN99840,13.04.2022 00:00,21.86,0,-9.1,1.9
Svalbard Lufthavn,SN99840,13.04.2022 01:00,21.86,0,-8.9,0.8
Svalbard Lufthavn,SN99840,13.04.2022 02:00,21.89,0,-9.1,1.3
Svalbard Lufthavn,SN99840,13.04.2022 03:00,21.88,0,-8.9,0.6
Svalbard Lufthavn,SN99840,13.04.2022 04:00,21.87,0,-8.4,1.7
Svalbard Lufthavn,SN99840,13.04.2022 05:00,21.91,0,-8.5,1.8
Svalbard Lufthavn,SN99840,13.04.2022 06:00,21.89,0,-6.8,2.8
Svalbard Lufthavn,SN99840,13.04.2022 07:00,21.85,0,-5.9,2.1
Svalbard Lufthavn,SN99840,13.04.2022 08:00,22.27,0,-5.3,3.3
Svalbard Lufthavn,SN99840,13.04.2022 09:00,22.24,0.1,-5.1,3.2
Svalbard Lufthavn,SN99840,13.04.2022 10:00,22.22,0,-4.6,2.4
Svalbard Lufthavn,SN99840,13.04.2022 11:00,22.25,0,-5,2.6
Svalbard Lufthavn,SN99840,13.04.2022 12:00,22.37,0,-5,2.7
Svalbard Lufthavn,SN99840,13.04.2022 13:00,22.38,0,-4.8,1.5
Svalbard Lufthavn,SN99840,13.04.2022 14:00,22.37,0,-4.7,2
Svalbard Lufthavn,SN99840,13.04.2022 15:00,22.38,0,-5.2,3.2
Svalbard Lufthavn,SN99840,13.04.2022 16:00,23.66,0.2,-5.5,2.6
Svalbard Lufthavn,SN99840,13.04.2022 17:00,23.85,0.4,-6.3,4.3
Svalbard Lufthavn,SN99840,13.04.2022 18:00,24.05,0.1,-6.1,2.5
Svalbard Lufthavn,SN99840,13.04.2022 19:00,24.05,0,-7.5,2.6
Svalbard Lufthavn,SN99840,13.04.2022 20:00,24.06,0,-7.8,4.2
Svalbard Lufthavn,SN99840,13.04.2022 21:00,24.03,0,-7.4,3.4
Svalbard Lufthavn,SN99840,13.04.2022 22:00,23.98,0,-7.7,2.3
Svalbard Lufthavn,SN99840,13.04.2022 23:00,23.92,0,-8.3,2
Svalbard Lufthavn,SN99840,14.04.2022 00:00,23.88,0,-8.3,2.4
Svalbard Lufthavn,SN99840,14.04.2022 01:00,23.75,0,-8,1.7
Svalbard Lufthavn,SN99840,14.04.2022 02:00,23.67,0,-8.3,1.1
Svalbard Lufthavn,SN99840,14.04.2022 03:00,23.62,0,-8.3,1.8
Svalbard Lufthavn,SN99840,14.04.2022 04:00,23.57,0,-8.3,2.7
Svalbard Lufthavn,SN99840,14.04.2022 05:00,23.54,0,-8.6,3.7
Svalbard Lufthavn,SN99840,14.04.2022 06:00,23.51,0,-8.4,3.4
Svalbard Lufthavn,SN99840,14.04.2022 07:00,23.5,0,-8.2,3.8
Svalbard Lufthavn,SN99840,14.04.2022 08:00,23.47,0,-8.2,3.3
Svalbard Lufthavn,SN99840,14.04.2022 09:00,23.48,0,-8.1,5.8
Svalbard Lufthavn,SN99840,14.04.2022 10:00,23.43,0,-7.6,5.4
Svalbard Lufthavn,SN99840,14.04.2022 11:00,23.37,0,-6.6,5
Svalbard Lufthavn,SN99840,14.04.2022 12:00,23.3,0,-6.2,3.7
Svalbard Lufthavn,SN99840,14.04.2022 13:00,23.12,0,-5.5,3.5
Svalbard Lufthavn,SN99840,14.04.2022 14:00,23.07,0,-5.4,1.5
Svalbard Lufthavn,SN99840,14.04.2022 15:00,23.04,0,-5.1,2.3
Svalbard Lufthavn,SN99840,14.04.2022 16:00,23.01,0,-5.1,2.7
Svalbard Lufthavn,SN99840,14.04.2022 17:00,23,0,-5.3,3.2
Svalbard Lufthavn,SN99840,14.04.2022 18:00,22.98,0,-5.3,3.2
Svalbard Lufthavn,SN99840,14.04.2022 19:00,22.93,0,-5.7,2.2
Svalbard Lufthavn,SN99840,14.04.2022 20:00,22.95,0,-5.5,1.8
Svalbard Lufthavn,SN99840,14.04.2022 21:00,22.92,0,-5.7,2.1
Svalbard Lufthavn,SN99840,14.04.2022 22:00,22.92,0,-5.4,1.7
Svalbard Lufthavn,SN99840,14.04.2022 23:00,22.93,0,-6.1,0.9
Svalbard Lufthavn,SN99840,15.04.2022 00:00,22.86,0,-6.2,4.2
Svalbard Lufthavn,SN99840,15.04.2022 01:00,22.88,0,-5.6,3
Svalbard Lufthavn,SN99840,15.04.2022 02:00,22.88,0,-5.5,2.9
Svalbard Lufthavn,SN99840,15.04.2022 03:00,22.85,0,-5.5,2.5
Svalbard Lufthavn,SN99840,15.04.2022 04:00,22.82,0,-5.1,2.6
Svalbard Lufthavn,SN99840,15.04.2022 05:00,22.82,0,-5.1,3.3
Svalbard Lufthavn,SN99840,15.04.2022 06:00,22.81,0,-5.3,3.1
Svalbard Lufthavn,SN99840,15.04.2022 07:00,22.82,0,-5,3.6
Svalbard Lufthavn,SN99840,15.04.2022 08:00,22.78,0,-4.5,3.3
Svalbard Lufthavn,SN99840,15.04.2022 09:00,22.85,0,-3.5,2.7
Svalbard Lufthavn,SN99840,15.04.2022 10:00,22.81,0,-3,1
Svalbard Lufthavn,SN99840,15.04.2022 11:00,22.84,0,-2.8,1.8
Svalbard Lufthavn,SN99840,15.04.2022 12:00,22.78,0,-2.5,3
Svalbard Lufthavn,SN99840,15.04.2022 13:00,22.78,0,-2.7,3
Svalbard Lufthavn,SN99840,15.04.2022 14:00,22.79,0,-2,1.7
Svalbard Lufthavn,SN99840,15.04.2022 15:00,22.74,0,-1.3,0.9
Svalbard Lufthavn,SN99840,15.04.2022 16:00,22.75,0,-0.9,1.5
Svalbard Lufthavn,SN99840,15.04.2022 17:00,22.72,0,-0.9,1.8
Svalbard Lufthavn,SN99840,15.04.2022 18:00,22.74,0,-1.2,4
Svalbard Lufthavn,SN99840,15.04.2022 19:00,22.7,0,-1.4,3.1
Svalbard Lufthavn,SN99840,15.04.2022 20:00,22.7,0,-1.6,3.3
Svalbard Lufthavn,SN99840,15.04.2022 21:00,22.75,0,-2.4,4.9
Svalbard Lufthavn,SN99840,15.04.2022 22:00,22.96,0.1,-2.6,4.9
Svalbard Lufthavn,SN99840,15.04.2022 23:00,22.93,0.3,-2.7,5.9
Svalbard Lufthavn,SN99840,16.04.2022 00:00,22.6,0.1,-2.2,4.9
Svalbard Lufthavn,SN99840,16.04.2022 01:00,23.03,0.2,-1,1.1
Svalbard Lufthavn,SN99840,16.04.2022 02:00,23.15,0.2,0,0.6
Svalbard Lufthavn,SN99840,16.04.2022 03:00,23.31,0.2,0.2,1.4
Svalbard Lufthavn,SN99840,16.04.2022 04:00,23.32,0,-0.4,1.9
Svalbard Lufthavn,SN99840,16.04.2022 05:00,23.31,0.1,-1.2,2.7
Svalbard Lufthavn,SN99840,16.04.2022 06:00,23.35,0,-0.9,3
Svalbard Lufthavn,SN99840,16.04.2022 07:00,23.6,0.2,-1.2,2.3
Svalbard Lufthavn,SN99840,16.04.2022 08:00,23.75,0.2,-0.8,3.4
Svalbard Lufthavn,SN99840,16.04.2022 09:00,23.91,0.3,-0.6,3.2
Svalbard Lufthavn,SN99840,16.04.2022 10:00,24.91,0.7,-0.4,3.7
Svalbard Lufthavn,SN99840,16.04.2022 11:00,25.19,0.4,-0.2,3.4
Svalbard Lufthavn,SN99840,16.04.2022 12:00,25.28,0.1,-0.4,5
Svalbard Lufthavn,SN99840,16.04.2022 13:00,25.27,0,-1.6,7.1
Svalbard Lufthavn,SN99840,16.04.2022 14:00,23.25,0.3,-2,6.9
Svalbard Lufthavn,SN99840,16.04.2022 15:00,23.23,0.1,-1.5,5.5
Svalbard Lufthavn,SN99840,16.04.2022 16:00,23.23,0,-1.9,6.8
Svalbard Lufthavn,SN99840,16.04.2022 17:00,23.22,0,-2.7,6.7
Svalbard Lufthavn,SN99840,16.04.2022 18:00,23.2,0,-3.2,6.2
Svalbard Lufthavn,SN99840,16.04.2022 19:00,23.19,0,-3.4,4.1
Svalbard Lufthavn,SN99840,16.04.2022 20:00,23.15,0,-4.1,4.8
Svalbard Lufthavn,SN99840,16.04.2022 21:00,23.14,0,-4.6,3.9
Svalbard Lufthavn,SN99840,16.04.2022 22:00,23.15,0,-4.9,3.4
Svalbard Lufthavn,SN99840,16.04.2022 23:00,23.14,0,-5.2,3.9
Svalbard Lufthavn,SN99840,17.04.2022 00:00,23.15,0,-5.5,2.7
Svalbard Lufthavn,SN99840,17.04.2022 01:00,23.11,0,-5.5,3.9
Svalbard Lufthavn,SN99840,17.04.2022 02:00,23.12,0,-5.7,2.9
Svalbard Lufthavn,SN99840,17.04.2022 03:00,23.17,0,-5.8,2.8
Svalbard Lufthavn,SN99840,17.04.2022 04:00,23.09,0,-5.9,4.1
Svalbard Lufthavn,SN99840,17.04.2022 05:00,23.1,0,-6.3,4.1
Svalbard Lufthavn,SN99840,17.04.2022 06:00,23.1,0,-6.6,2.3
Svalbard Lufthavn,SN99840,17.04.2022 07:00,23.07,0,-6.1,4.2
Svalbard Lufthavn,SN99840,17.04.2022 08:00,23.06,0,-6.2,1.3
Svalbard Lufthavn,SN99840,17.04.2022 09:00,23.08,0,-6.6,3.6
Svalbard Lufthavn,SN99840,17.04.2022 10:00,23.07,0,-6.4,3.9
Svalbard Lufthavn,SN99840,17.04.2022 11:00,23.04,0,-5.9,3.1
Svalbard Lufthavn,SN99840,17.04.2022 12:00,23.05,0,-5.8,1.8
Svalbard Lufthavn,SN99840,17.04.2022 13:00,23.01,0,-5.6,3
Svalbard Lufthavn,SN99840,17.04.2022 14:00,23.01,0,-5.3,2
Svalbard Lufthavn,SN99840,17.04.2022 15:00,23.01,0,-5.4,2.1
Svalbard Lufthavn,SN99840,17.04.2022 16:00,23.15,0,-5.5,3.4
Svalbard Lufthavn,SN99840,17.04.2022 17:00,23,0,-5.8,5.9
Svalbard Lufthavn,SN99840,17.04.2022 18:00,23.03,0.1,-5.7,4.7
Svalbard Lufthavn,SN99840,17.04.2022 19:00,22.78,0.1,-6.2,3.7
Svalbard Lufthavn,SN99840,17.04.2022 20:00,22.09,0.2,-6.3,5.7
Svalbard Lufthavn,SN99840,17.04.2022 21:00,21.74,0.1,-5.6,6.4
Svalbard Lufthavn,SN99840,17.04.2022 22:00,21.84,0,-5.7,5.2
Svalbard Lufthavn,SN99840,17.04.2022 23:00,21.81,0,-5.5,6.5
Svalbard Lufthavn,SN99840,18.04.2022 00:00,21.82,0,-6,7.1
Svalbard Lufthavn,SN99840,18.04.2022 01:00,21.8,0,-5.8,6.1
Svalbard Lufthavn,SN99840,18.04.2022 02:00,21.78,0,-5.8,2.8
Svalbard Lufthavn,SN99840,18.04.2022 03:00,22.04,0.3,-6.1,3.5
Svalbard Lufthavn,SN99840,18.04.2022 04:00,22.16,0.4,-5.8,0
Svalbard Lufthavn,SN99840,18.04.2022 05:00,22.31,0.2,-6,1
Svalbard Lufthavn,SN99840,18.04.2022 06:00,22.6,0.3,-6,2
Svalbard Lufthavn,SN99840,18.04.2022 07:00,22.63,0,-5.7,3
Svalbard Lufthavn,SN99840,18.04.2022 08:00,22.71,0.1,-4.1,1.9
Svalbard Lufthavn,SN99840,18.04.2022 09:00,22.74,0,-5.6,1.3
Svalbard Lufthavn,SN99840,18.04.2022 10:00,22.76,0,-5.4,4.6
Svalbard Lufthavn,SN99840,18.04.2022 11:00,22.78,0,-5.3,2.6
Svalbard Lufthavn,SN99840,18.04.2022 12:00,22.82,0,-5.3,1.6
Svalbard Lufthavn,SN99840,18.04.2022 13:00,22.82,0,-4.8,1.8
Svalbard Lufthavn,SN99840,18.04.2022 14:00,22.84,0,-5.9,1.3
Svalbard Lufthavn,SN99840,18.04.2022 15:00,22.8,0,-6.3,1.1
Svalbard Lufthavn,SN99840,18.04.2022 16:00,22.81,0,-6.6,0.7
Svalbard Lufthavn,SN99840,18.04.2022 17:00,22.82,0,-7.8,1.4
Svalbard Lufthavn,SN99840,18.04.2022 18:00,22.82,0,-8.3,1
Svalbard Lufthavn,SN99840,18.04.2022 19:00,22.84,0,-9.6,1.5
Svalbard Lufthavn,SN99840,18.04.2022 20:00,22.88,0,-8.5,2.3
Svalbard Lufthavn,SN99840,18.04.2022 21:00,22.91,0,-9.8,2.8
Svalbard Lufthavn,SN99840,18.04.2022 22:00,22.93,0,-11.8,3.9
Svalbard Lufthavn,SN99840,18.04.2022 23:00,22.93,0,-12,0.8
Svalbard Lufthavn,SN99840,19.04.2022 00:00,22.93,0,-13.9,3
Svalbard Lufthavn,SN99840,19.04.2022 01:00,22.89,0,-11.5,2.9
Svalbard Lufthavn,SN99840,19.04.2022 02:00,22.89,0,-11.6,1.7
Svalbard Lufthavn,SN99840,19.04.2022 03:00,22.87,0,-10.3,2.9
Svalbard Lufthavn,SN99840,19.04.2022 04:00,22.86,0,-10.1,3.7
Svalbard Lufthavn,SN99840,19.04.2022 05:00,22.86,0,-9.6,2.9
Svalbard Lufthavn,SN99840,19.04.2022 06:00,22.84,0,-9.4,3.1
Svalbard Lufthavn,SN99840,19.04.2022 07:00,22.81,0,-8.6,2.5
Svalbard Lufthavn,SN99840,19.04.2022 08:00,22.78,0,-8.1,2.8
Svalbard Lufthavn,SN99840,19.04.2022 09:00,22.75,0,-6.9,1.4
Svalbard Lufthavn,SN99840,19.04.2022 10:00,22.76,0,-7,3.7
Svalbard Lufthavn,SN99840,19.04.2022 11:00,22.78,0,-6.9,1.8
Svalbard Lufthavn,SN99840,19.04.2022 12:00,22.75,0,-6.1,1.5
Svalbard Lufthavn,SN99840,19.04.2022 13:00,22.75,0,-5.1,0.7
Svalbard Lufthavn,SN99840,19.04.2022 14:00,22.73,0,-4,0
Svalbard Lufthavn,SN99840,19.04.2022 15:00,22.73,0,-5.7,0.8
Svalbard Lufthavn,SN99840,19.04.2022 16:00,22.75,0,-6.1,3
Svalbard Lufthavn,SN99840,19.04.2022 17:00,22.84,0,-6.2,2.7
Svalbard Lufthavn,SN99840,19.04.2022 18:00,22.84,0,-6.3,2.1
Svalbard Lufthavn,SN99840,19.04.2022 19:00,22.85,0,-6,1.4
Svalbard Lufthavn,SN99840,19.04.2022 20:00,22.84,0,-5.7,1.5
Svalbard Lufthavn,SN99840,19.04.2022 21:00,22.87,0,-5.2,1
Svalbard Lufthavn,SN99840,19.04.2022 22:00,22.84,0,-5,1.4
Svalbard Lufthavn,SN99840,19.04.2022 23:00,22.79,0,-4.6,1.5
Svalbard Lufthavn,SN99840,20.04.2022 00:00,22.81,0,-4.7,0.7
Svalbard Lufthavn,SN99840,20.04.2022 01:00,22.78,0,-4.2,2.4
Svalbard Lufthavn,SN99840,20.04.2022 02:00,22.77,0,-3.5,1
Svalbard Lufthavn,SN99840,20.04.2022 03:00,22.64,0,-2.7,6.1
Svalbard Lufthavn,SN99840,20.04.2022 04:00,21.66,0,-3.1,7.6
Svalbard Lufthavn,SN99840,20.04.2022 05:00,21.68,0,-3.6,8.4
Svalbard Lufthavn,SN99840,20.04.2022 06:00,22.89,0,-4.2,7.6
Svalbard Lufthavn,SN99840,20.04.2022 07:00,26.45,0,-4.2,7.5
Svalbard Lufthavn,SN99840,20.04.2022 08:00,21.7,0,-3.6,7
Svalbard Lufthavn,SN99840,20.04.2022 09:00,21.7,0,-3.4,6.8
Svalbard Lufthavn,SN99840,20.04.2022 10:00,22.12,0,-2.9,5.4
Svalbard Lufthavn,SN99840,20.04.2022 11:00,21.68,0,-3.2,7.6
Svalbard Lufthavn,SN99840,20.04.2022 12:00,21.68,0,-2.9,8.7
Svalbard Lufthavn,SN99840,20.04.2022 13:00,23.25,0,-1.9,8.6
Svalbard Lufthavn,SN99840,20.04.2022 14:00,24.15,0,-1.3,6.7
Svalbard Lufthavn,SN99840,20.04.2022 15:00,22.13,0,-1.3,7.5
Svalbard Lufthavn,SN99840,20.04.2022 16:00,21.63,0,-1.4,7.9
Svalbard Lufthavn,SN99840,20.04.2022 17:00,21.63,0,-1.7,8.6
Svalbard Lufthavn,SN99840,20.04.2022 18:00,21.61,0,-1.5,8.5
Svalbard Lufthavn,SN99840,20.04.2022 19:00,21.6,0,-1.4,8.6
Svalbard Lufthavn,SN99840,20.04.2022 20:00,21.6,0,-1.4,8.3
Svalbard Lufthavn,SN99840,20.04.2022 21:00,21.6,0,-2,8.8
Svalbard Lufthavn,SN99840,20.04.2022 22:00,21.6,0,-2.2,8.4
Svalbard Lufthavn,SN99840,20.04.2022 23:00,21.6,0,-2,9.2
Svalbard Lufthavn,SN99840,21.04.2022 00:00,21.7,0,-1.9,9.8
Svalbard Lufthavn,SN99840,21.04.2022 01:00,21.66,0,-2.6,10.4
Svalbard Lufthavn,SN99840,21.04.2022 02:00,21.65,0,-2.4,8.7
Svalbard Lufthavn,SN99840,21.04.2022 03:00,21.63,0,-2,8.2
Svalbard Lufthavn,SN99840,21.04.2022 04:00,21.64,0,-2.3,6.1
Svalbard Lufthavn,SN99840,21.04.2022 05:00,21.57,0,-2.1,3.9
Svalbard Lufthavn,SN99840,21.04.2022 06:00,21.57,0,-1.8,1.4
Svalbard Lufthavn,SN99840,21.04.2022 07:00,21.59,0,-0.7,3.8
Svalbard Lufthavn,SN99840,21.04.2022 08:00,21.58,0,-0.4,7.7
Svalbard Lufthavn,SN99840,21.04.2022 09:00,21.58,0,-0.3,3.1
Svalbard Lufthavn,SN99840,21.04.2022 10:00,21.61,0,-0.1,2.1
Svalbard Lufthavn,SN99840,21.04.2022 11:00,21.59,0,-1,2.5
Svalbard Lufthavn,SN99840,21.04.2022 12:00,21.54,0,-0.2,1.4
Svalbard Lufthavn,SN99840,21.04.2022 13:00,21.69,0,0,0.8
Svalbard Lufthavn,SN99840,21.04.2022 14:00,21.6,0,-0.7,2
Svalbard Lufthavn,SN99840,21.04.2022 15:00,21.59,0,-0.6,5.3
Svalbard Lufthavn,SN99840,21.04.2022 16:00,21.6,0,-0.4,4.7
Svalbard Lufthavn,SN99840,21.04.2022 17:00,21.61,0,-1,2.5
Svalbard Lufthavn,SN99840,21.04.2022 18:00,21.55,0,-1.2,1
Svalbard Lufthavn,SN99840,21.04.2022 19:00,21.55,0,-1.3,1.4
Svalbard Lufthavn,SN99840,21.04.2022 20:00,21.54,0,-1.3,1.5
Svalbard Lufthavn,SN99840,21.04.2022 21:00,21.61,0,-1.7,4.5
Svalbard Lufthavn,SN99840,21.04.2022 22:00,21.69,0.1,-1.8,3.4
Svalbard Lufthavn,SN99840,21.04.2022 23:00,21.68,0,-1.5,4.1
Svalbard Lufthavn,SN99840,22.04.2022 00:00,21.7,0.1,-2,1.8
Svalbard Lufthavn,SN99840,22.04.2022 01:00,21.71,0,-1.6,2.4
Svalbard Lufthavn,SN99840,22.04.2022 02:00,21.72,0,-1.4,2.9
Svalbard Lufthavn,SN99840,22.04.2022 03:00,21.7,0,-1.9,2.1
Svalbard Lufthavn,SN99840,22.04.2022 04:00,21.7,0,-1.6,1.2
Svalbard Lufthavn,SN99840,22.04.2022 05:00,21.7,0,-1.5,0.9
Svalbard Lufthavn,SN99840,22.04.2022 06:00,21.74,0,-1.4,1.8
Svalbard Lufthavn,SN99840,22.04.2022 07:00,21.91,0.1,-1.6,3.2
Svalbard Lufthavn,SN99840,22.04.2022 08:00,22.09,0.1,-1.6,5
Svalbard Lufthavn,SN99840,22.04.2022 09:00,22.11,0,-1.7,8.3
Svalbard Lufthavn,SN99840,22.04.2022 10:00,22.04,0,-2.6,9.9
Svalbard Lufthavn,SN99840,22.04.2022 11:00,21.59,0,-3,9.4
Svalbard Lufthavn,SN99840,22.04.2022 12:00,21.63,0,-3.8,12.8
Svalbard Lufthavn,SN99840,22.04.2022 13:00,21.54,0,-4.1,9.7
Svalbard Lufthavn,SN99840,22.04.2022 14:00,21.54,0,-4.4,7.2
Svalbard Lufthavn,SN99840,22.04.2022 15:00,21.61,0,-5,8.4
Svalbard Lufthavn,SN99840,22.04.2022 16:00,21.63,0,-5,7.2
Svalbard Lufthavn,SN99840,22.04.2022 17:00,21.57,0,-5,8
Svalbard Lufthavn,SN99840,22.04.2022 18:00,21.56,0,-5.1,6.5
Svalbard Lufthavn,SN99840,22.04.2022 19:00,21.54,0,-5.2,3.7
Svalbard Lufthavn,SN99840,22.04.2022 20:00,21.52,0,-5.3,4.9
Svalbard Lufthavn,SN99840,22.04.2022 21:00,21.5,0,-5.3,3.2
Svalbard Lufthavn,SN99840,22.04.2022 22:00,21.5,0,-5.8,2.7
Svalbard Lufthavn,SN99840,22.04.2022 23:00,21.67,0,-6.2,1.7
Svalbard Lufthavn,SN99840,23.04.2022 00:00,21.69,0,-6.3,2.1
Svalbard Lufthavn,SN99840,23.04.2022 01:00,21.68,0,-6.7,2.7
Svalbard Lufthavn,SN99840,23.04.2022 02:00,21.69,0,-7.1,0.8
Svalbard Lufthavn,SN99840,23.04.2022 03:00,21.68,0,-7.7,1.3
Svalbard Lufthavn,SN99840,23.04.2022 04:00,21.69,0,-8,0.4
Svalbard Lufthavn,SN99840,23.04.2022 05:00,21.66,0,-8.7,2.2
Svalbard Lufthavn,SN99840,23.04.2022 06:00,21.63,0,-7.4,1.5
Svalbard Lufthavn,SN99840,23.04.2022 07:00,21.66,0,-9.1,3.6
Svalbard Lufthavn,SN99840,23.04.2022 08:00,21.71,0,-7.4,3.6
Svalbard Lufthavn,SN99840,23.04.2022 09:00,21.63,0,-6.4,2.2
Svalbard Lufthavn,SN99840,23.04.2022 10:00,21.62,0,-7.1,3.2
Svalbard Lufthavn,SN99840,23.04.2022 11:00,21.57,0,-7.4,4.3
Svalbard Lufthavn,SN99840,23.04.2022 12:00,21.57,0,-6.9,3.8
Svalbard Lufthavn,SN99840,23.04.2022 13:00,21.56,0,-6.5,3.3
Svalbard Lufthavn,SN99840,23.04.2022 14:00,21.51,0,-6.1,3.3
Svalbard Lufthavn,SN99840,23.04.2022 15:00,21.5,0,-5.8,2.7
Svalbard Lufthavn,SN99840,23.04.2022 16:00,21.45,0,-5.6,2
Svalbard Lufthavn,SN99840,23.04.2022 17:00,21.5,0,-6.2,3.8
Svalbard Lufthavn,SN99840,23.04.2022 18:00,21.51,0,-6.1,2.4
Svalbard Lufthavn,SN99840,23.04.2022 19:00,21.51,0,-5.6,3.3
Svalbard Lufthavn,SN99840,23.04.2022 20:00,21.48,0,-5.5,1.4
Svalbard Lufthavn,SN99840,23.04.2022 21:00,21.51,0,-5.5,1
Svalbard Lufthavn,SN99840,23.04.2022 22:00,21.52,0,-5.3,1.9
Svalbard Lufthavn,SN99840,23.04.2022 23:00,21.54,0,-5.2,4.2
Svalbard Lufthavn,SN99840,24.04.2022 00:00,21.49,0,-3.9,6.1
Svalbard Lufthavn,SN99840,24.04.2022 01:00,21.52,0,-5.1,6.1
Svalbard Lufthavn,SN99840,24.04.2022 02:00,21.45,0,-6.2,8.7
Svalbard Lufthavn,SN99840,24.04.2022 03:00,21.45,0,-7.7,7.2
Svalbard Lufthavn,SN99840,24.04.2022 04:00,21.46,0,-7.9,5.9
Svalbard Lufthavn,SN99840,24.04.2022 05:00,21.43,0,-8.1,7.4
Svalbard Lufthavn,SN99840,24.04.2022 06:00,21.39,0,-8.7,7.1
Svalbard Lufthavn,SN99840,24.04.2022 07:00,21.4,0,-9.3,8.9
Svalbard Lufthavn,SN99840,24.04.2022 08:00,21.41,0,-9.7,6.6
Svalbard Lufthavn,SN99840,24.04.2022 09:00,21.43,0,-9.6,6.4
Svalbard Lufthavn,SN99840,24.04.2022 10:00,21.45,0,-10.1,5.5
Svalbard Lufthavn,SN99840,24.04.2022 11:00,21.43,0,-10.1,4.9
Svalbard Lufthavn,SN99840,24.04.2022 12:00,21.42,0,-10.4,5.8
Svalbard Lufthavn,SN99840,24.04.2022 13:00,21.41,0,-10.1,5.5
Svalbard Lufthavn,SN99840,24.04.2022 14:00,21.45,0,-9.9,5.2
Svalbard Lufthavn,SN99840,24.04.2022 15:00,21.43,0,-10.3,4.6
Svalbard Lufthavn,SN99840,24.04.2022 16:00,21.41,0,-10.7,4.9
Svalbard Lufthavn,SN99840,24.04.2022 17:00,21.41,0,-11,5.1
Svalbard Lufthavn,SN99840,24.04.2022 18:00,21.41,0,-11.2,4.6
Svalbard Lufthavn,SN99840,24.04.2022 19:00,21.39,0,-11.7,4.5
Svalbard Lufthavn,SN99840,24.04.2022 20:00,21.39,0,-11.6,2.6
Svalbard Lufthavn,SN99840,24.04.2022 21:00,21.41,0,-13.5,2
Svalbard Lufthavn,SN99840,24.04.2022 22:00,21.39,0,-13.4,2.6
Svalbard Lufthavn,SN99840,24.04.2022 23:00,21.39,0,-14,4.6
Svalbard Lufthavn,SN99840,25.04.2022 00:00,21.37,0,-14.3,6.2
Svalbard Lufthavn,SN99840,25.04.2022 01:00,21.37,0,-13,5.8
Svalbard Lufthavn,SN99840,25.04.2022 02:00,21.36,0,-13.2,6.2
Svalbard Lufthavn,SN99840,25.04.2022 03:00,21.37,0,-13.5,5.3
Svalbard Lufthavn,SN99840,25.04.2022 04:00,21.37,0,-14.2,6.9
Svalbard Lufthavn,SN99840,25.04.2022 05:00,21.36,0,-13.7,3.8
Svalbard Lufthavn,SN99840,25.04.2022 06:00,21.33,0,-13.8,3.7
Svalbard Lufthavn,SN99840,25.04.2022 07:00,21.3,0,-12.9,3.6
Svalbard Lufthavn,SN99840,25.04.2022 08:00,21.27,0,-10.4,3.2
Svalbard Lufthavn,SN99840,25.04.2022 09:00,21.32,0,-11.8,5.4
Svalbard Lufthavn,SN99840,25.04.2022 10:00,21.33,0,-13.3,7.6
Svalbard Lufthavn,SN99840,25.04.2022 11:00,21.36,0,-13.1,5.9
Svalbard Lufthavn,SN99840,25.04.2022 12:00,21.31,0,-13.7,7.4
Svalbard Lufthavn,SN99840,25.04.2022 13:00,21.32,0,-13.4,5
Svalbard Lufthavn,SN99840,25.04.2022 14:00,21.36,0,-13.5,3.6
Svalbard Lufthavn,SN99840,25.04.2022 15:00,21.3,0,-13.2,6
Svalbard Lufthavn,SN99840,25.04.2022 16:00,21.29,0,-13.8,5.4
Svalbard Lufthavn,SN99840,25.04.2022 17:00,21.3,0,-14.4,5.6
Svalbard Lufthavn,SN99840,25.04.2022 18:00,21.28,0,-14.6,5.6
Svalbard Lufthavn,SN99840,25.04.2022 19:00,21.31,0,-15.2,6.6
Svalbard Lufthavn,SN99840,25.04.2022 20:00,21.3,0,-15.4,6.7
Svalbard Lufthavn,SN99840,25.04.2022 21:00,21.3,0,-15.7,6.1
Svalbard Lufthavn,SN99840,25.04.2022 22:00,21.3,0,-16.1,7.4
Svalbard Lufthavn,SN99840,25.04.2022 23:00,21.29,0,-16.1,5.7
Svalbard Lufthavn,SN99840,26.04.2022 00:00,21.29,0,-16.4,7.7
Svalbard Lufthavn,SN99840,26.04.2022 01:00,21.29,0,-16.8,6.2
Svalbard Lufthavn,SN99840,26.04.2022 02:00,21.28,0,-17.1,6.4
Svalbard Lufthavn,SN99840,26.04.2022 03:00,21.29,0,-17.2,6.4
Svalbard Lufthavn,SN99840,26.04.2022 04:00,21.27,0,-17.5,4.9
Svalbard Lufthavn,SN99840,26.04.2022 05:00,21.23,0,-18.3,4.8
Svalbard Lufthavn,SN99840,26.04.2022 06:00,21.24,0,-18,5.3
Svalbard Lufthavn,SN99840,26.04.2022 07:00,21.22,0,-17.7,4.3
Svalbard Lufthavn,SN99840,26.04.2022 08:00,21.24,0,-18,5.7
Svalbard Lufthavn,SN99840,26.04.2022 09:00,21.25,0,-17.6,4.8
Svalbard Lufthavn,SN99840,26.04.2022 10:00,21.25,0,-17.2,2.7
Svalbard Lufthavn,SN99840,26.04.2022 11:00,21.29,0,-17.2,0.9
Svalbard Lufthavn,SN99840,26.04.2022 12:00,21.31,0,-16.8,2.6
Svalbard Lufthavn,SN99840,26.04.2022 13:00,21.36,0,-17,2.8
Svalbard Lufthavn,SN99840,26.04.2022 14:00,21.36,0,-16.6,2.8
Svalbard Lufthavn,SN99840,26.04.2022 15:00,21.34,0,-16.7,3.8
Svalbard Lufthavn,SN99840,26.04.2022 16:00,21.32,0,-16.3,4
Svalbard Lufthavn,SN99840,26.04.2022 17:00,21.32,0,-16.6,4.6
Svalbard Lufthavn,SN99840,26.04.2022 18:00,21.28,0,-16.5,5.7
Svalbard Lufthavn,SN99840,26.04.2022 19:00,21.27,0,-16,5.6
Svalbard Lufthavn,SN99840,26.04.2022 20:00,21.29,0,-16.9,8.1
Svalbard Lufthavn,SN99840,26.04.2022 21:00,21.29,0,-17,6.5
Svalbard Lufthavn,SN99840,26.04.2022 22:00,21.31,0,-17.2,5.8
Svalbard Lufthavn,SN99840,26.04.2022 23:00,21.29,0,-17.1,5.2
Svalbard Lufthavn,SN99840,27.04.2022 00:00,21.32,0,-17,3.7
Svalbard Lufthavn,SN99840,27.04.2022 01:00,21.33,0,-17.4,4.2
Svalbard Lufthavn,SN99840,27.04.2022 02:00,21.33,0,-17.6,4.8
Svalbard Lufthavn,SN99840,27.04.2022 03:00,21.3,0,-17.1,3.5
Svalbard Lufthavn,SN99840,27.04.2022 04:00,21.29,0,-16.5,4.3
Svalbard Lufthavn,SN99840,27.04.2022 05:00,21.21,0,-15.8,5.4
Svalbard Lufthavn,SN99840,27.04.2022 06:00,21.27,0,-16,5.8
Svalbard Lufthavn,SN99840,27.04.2022 07:00,21.27,0,-16.2,5.3
Svalbard Lufthavn,SN99840,27.04.2022 08:00,21.25,0,-16.4,4.3
Svalbard Lufthavn,SN99840,27.04.2022 09:00,21.26,0,-16.2,5.3
Svalbard Lufthavn,SN99840,27.04.2022 10:00,21.24,0,-16.1,6
Svalbard Lufthavn,SN99840,27.04.2022 11:00,21.24,0,-16.3,4.6
Svalbard Lufthavn,SN99840,27.04.2022 12:00,21.28,0,-16.4,6.5
Svalbard Lufthavn,SN99840,27.04.2022 13:00,21.22,0,-16,5
Svalbard Lufthavn,SN99840,27.04.2022 14:00,21.24,0,-15.9,4.8
Svalbard Lufthavn,SN99840,27.04.2022 15:00,21.24,0,-15.5,4.8
Svalbard Lufthavn,SN99840,27.04.2022 16:00,21.24,0,-15.4,6.5
Svalbard Lufthavn,SN99840,27.04.2022 17:00,21.23,0,-15.3,5.4
Svalbard Lufthavn,SN99840,27.04.2022 18:00,21.23,0,-15.2,4.4
Svalbard Lufthavn,SN99840,27.04.2022 19:00,21.23,0,-15.4,4.3
Svalbard Lufthavn,SN99840,27.04.2022 20:00,21.21,0,-15.6,6.7
Svalbard Lufthavn,SN99840,27.04.2022 21:00,21.2,0,-16.2,6
Svalbard Lufthavn,SN99840,27.04.2022 22:00,21.2,0,-16.3,5.8
Svalbard Lufthavn,SN99840,27.04.2022 23:00,21.19,0,-16.8,5.4
Svalbard Lufthavn,SN99840,28.04.2022 00:00,21.2,0,-16.8,5.4
Svalbard Lufthavn,SN99840,28.04.2022 01:00,21.2,0,-16.6,3.5
Svalbard Lufthavn,SN99840,28.04.2022 02:00,21.2,0,-16.7,4.8
Svalbard Lufthavn,SN99840,28.04.2022 03:00,21.18,0,-16,5.1
Svalbard Lufthavn,SN99840,28.04.2022 04:00,21.2,0,-16,8.1
Svalbard Lufthavn,SN99840,28.04.2022 05:00,21.18,0,-15.9,6.4
Svalbard Lufthavn,SN99840,28.04.2022 06:00,21.14,0,-15.2,6.8
Svalbard Lufthavn,SN99840,28.04.2022 07:00,21.13,0,-14.9,6.9
Svalbard Lufthavn,SN99840,28.04.2022 08:00,21.17,0,-15.1,6.3
Svalbard Lufthavn,SN99840,28.04.2022 09:00,21.15,0,-14.1,6.5
Svalbard Lufthavn,SN99840,28.04.2022 10:00,21.15,0,-13.6,6.4
Svalbard Lufthavn,SN99840,28.04.2022 11:00,21.14,0,-13.4,7.3
Svalbard Lufthavn,SN99840,28.04.2022 12:00,21.15,0,-12.9,6.6
Svalbard Lufthavn,SN99840,28.04.2022 13:00,21.11,0,-12.9,7.6
Svalbard Lufthavn,SN99840,28.04.2022 14:00,21.09,0,-13.1,7.2
Svalbard Lufthavn,SN99840,28.04.2022 15:00,21.09,0,-12.6,6.6
Svalbard Lufthavn,SN99840,28.04.2022 16:00,21.07,0,-12.1,8.8
Svalbard Lufthavn,SN99840,28.04.2022 17:00,21.05,0,-12.6,8.1
Svalbard Lufthavn,SN99840,28.04.2022 18:00,20.99,0,-12.7,9.1
Svalbard Lufthavn,SN99840,28.04.2022 19:00,21.01,0,-12,10.1
Svalbard Lufthavn,SN99840,28.04.2022 20:00,20.92,0,-12.4,9.1
Svalbard Lufthavn,SN99840,28.04.2022 21:00,20.93,0,-12.8,10.2
Svalbard Lufthavn,SN99840,28.04.2022 22:00,20.89,0,-13,10.2
Svalbard Lufthavn,SN99840,28.04.2022 23:00,20.9,0,-13.5,9.5
Svalbard Lufthavn,SN99840,29.04.2022 00:00,20.89,0,-13.5,7.8
Svalbard Lufthavn,SN99840,29.04.2022 01:00,20.88,0,-13.7,7.2
Svalbard Lufthavn,SN99840,29.04.2022 02:00,20.86,0,-13.9,8
Svalbard Lufthavn,SN99840,29.04.2022 03:00,20.84,0,-13.9,7.5
Svalbard Lufthavn,SN99840,29.04.2022 04:00,20.83,0,-13.9,7.6
Svalbard Lufthavn,SN99840,29.04.2022 05:00,20.83,0,-13.8,8.8
Svalbard Lufthavn,SN99840,29.04.2022 06:00,20.8,0,-13.3,7.4
Svalbard Lufthavn,SN99840,29.04.2022 07:00,20.8,0,-13.2,8.3
Svalbard Lufthavn,SN99840,29.04.2022 08:00,20.82,0,-12.6,6.3
Svalbard Lufthavn,SN99840,29.04.2022 09:00,20.82,0,-12.4,7.9
Svalbard Lufthavn,SN99840,29.04.2022 10:00,20.8,0,-12.5,6.7
Svalbard Lufthavn,SN99840,29.04.2022 11:00,20.79,0,-11.7,6.7
Svalbard Lufthavn,SN99840,29.04.2022 12:00,20.8,0,-11.9,6.3
Svalbard Lufthavn,SN99840,29.04.2022 13:00,20.82,0,-11.5,6.4
Svalbard Lufthavn,SN99840,29.04.2022 14:00,20.78,0,-11.2,5.1
Svalbard Lufthavn,SN99840,29.04.2022 15:00,20.73,0,-10.9,7.4
Svalbard Lufthavn,SN99840,29.04.2022 16:00,20.72,0,-11.2,4.8
Svalbard Lufthavn,SN99840,29.04.2022 17:00,20.71,0,-11.1,4.7
Svalbard Lufthavn,SN99840,29.04.2022 18:00,20.7,0,-10.9,4.9
Svalbard Lufthavn,SN99840,29.04.2022 19:00,20.7,0,-12,3.7
Svalbard Lufthavn,SN99840,29.04.2022 20:00,20.7,0,-12.6,2.6
Svalbard Lufthavn,SN99840,29.04.2022 21:00,20.71,0,-12.5,1.3
Svalbard Lufthavn,SN99840,29.04.2022 22:00,20.72,0,-12.9,3.1
Svalbard Lufthavn,SN99840,29.04.2022 23:00,20.7,0,-13.5,1.1
Svalbard Lufthavn,SN99840,30.04.2022 00:00,20.71,0,-14.1,0.8
Svalbard Lufthavn,SN99840,30.04.2022 01:00,20.7,0,-14.6,3.1
Svalbard Lufthavn,SN99840,30.04.2022 02:00,20.7,0,-14.1,4.2
Svalbard Lufthavn,SN99840,30.04.2022 03:00,20.68,0,-14.2,4
Svalbard Lufthavn,SN99840,30.04.2022 04:00,20.68,0,-14.3,4.1
Svalbard Lufthavn,SN99840,30.04.2022 05:00,20.67,0,-13.7,4.7
Svalbard Lufthavn,SN99840,30.04.2022 06:00,20.67,0,-13,4.1
Svalbard Lufthavn,SN99840,30.04.2022 07:00,20.67,0,-12.7,4.2
Svalbard Lufthavn,SN99840,30.04.2022 08:00,20.68,0,-12.2,4
Svalbard Lufthavn,SN99840,30.04.2022 09:00,20.67,0,-11.7,3.4
Svalbard Lufthavn,SN99840,30.04.2022 10:00,20.68,0,-11.4,3.6
Svalbard Lufthavn,SN99840,30.04.2022 11:00,20.71,0,-10.9,2.8
Svalbard Lufthavn,SN99840,30.04.2022 12:00,20.68,0,-9.8,1.6
Svalbard Lufthavn,SN99840,30.04.2022 13:00,20.67,0,-9.6,1.9
Svalbard Lufthavn,SN99840,30.04.2022 14:00,20.66,0,-9.3,2
Svalbard Lufthavn,SN99840,30.04.2022 15:00,20.67,0,-9.7,2
Svalbard Lufthavn,SN99840,30.04.2022 16:00,20.65,0,-9.1,1
Svalbard Lufthavn,SN99840,30.04.2022 17:00,20.84,0,-9,3.7
Svalbard Lufthavn,SN99840,30.04.2022 18:00,20.74,0,-9.5,3.4
Svalbard Lufthavn,SN99840,30.04.2022 19:00,20.69,0,-10.6,5.1
Svalbard Lufthavn,SN99840,30.04.2022 20:00,20.69,0,-10.9,2
Svalbard Lufthavn,SN99840,30.04.2022 21:00,20.7,0,-11.6,4.1
Svalbard Lufthavn,SN99840,30.04.2022 22:00,20.71,0,-11.6,1.4
Svalbard Lufthavn,SN99840,30.04.2022 23:00,20.68,0,-11.7,1.9
Svalbard Lufthavn,SN99840,01.05.2022 00:00,20.7,0,-11.6,2.3
Svalbard Lufthavn,SN99840,01.05.2022 01:00,20.68,0,-11.3,3.8
Svalbard Lufthavn,SN99840,01.05.2022 02:00,20.68,0,-11.1,0.9
Svalbard Lufthavn,SN99840,01.05.2022 03:00,20.66,0,-10.7,0.9
Svalbard Lufthavn,SN99840,01.05.2022 04:00,20.67,0,-9.7,1.1
Svalbard Lufthavn,SN99840,01.05.2022 05:00,20.65,0,-10.5,1.1
Svalbard Lufthavn,SN99840,01.05.2022 06:00,20.64,0,-9.9,2.3
Svalbard Lufthavn,SN99840,01.05.2022 07:00,20.57,0,-6.6,0.7
Svalbard Lufthavn,SN99840,01.05.2022 08:00,20.58,0,-5.4,1.5
Svalbard Lufthavn,SN99840,01.05.2022 09:00,20.61,0,-7.4,4
Svalbard Lufthavn,SN99840,01.05.2022 10:00,20.62,0,-7.5,4.2
Svalbard Lufthavn,SN99840,01.05.2022 11:00,20.62,0,-7.8,5.2
Svalbard Lufthavn,SN99840,01.05.2022 12:00,20.63,0,-8,4.7
Svalbard Lufthavn,SN99840,01.05.2022 13:00,20.62,0,-8.3,5.2
Svalbard Lufthavn,SN99840,01.05.2022 14:00,20.61,0,-8.6,4.2
Svalbard Lufthavn,SN99840,01.05.2022 15:00,20.59,0,-8.7,4.2
Svalbard Lufthavn,SN99840,01.05.2022 16:00,20.57,0,-8.8,4.1
Svalbard Lufthavn,SN99840,01.05.2022 17:00,20.54,0,-8.8,3.5
Svalbard Lufthavn,SN99840,01.05.2022 18:00,20.53,0,-9.1,3.3
Svalbard Lufthavn,SN99840,01.05.2022 19:00,20.54,0,-9.9,2.7
Svalbard Lufthavn,SN99840,01.05.2022 20:00,20.59,0,-10,2.5
Svalbard Lufthavn,SN99840,01.05.2022 21:00,20.56,0,-10.3,3.6
Svalbard Lufthavn,SN99840,01.05.2022 22:00,20.57,0,-10.6,2.9
Svalbard Lufthavn,SN99840,01.05.2022 23:00,20.57,0,-11,2.5
Svalbard Lufthavn,SN99840,02.05.2022 00:00,20.57,0,-10.9,2.2
Svalbard Lufthavn,SN99840,02.05.2022 01:00,20.57,0,-11.2,1.3
Svalbard Lufthavn,SN99840,02.05.2022 02:00,20.56,0,-11.8,1.5
Svalbard Lufthavn,SN99840,02.05.2022 03:00,20.56,0,-11.6,3.7
Svalbard Lufthavn,SN99840,02.05.2022 04:00,20.54,0,-11.6,2.7
Svalbard Lufthavn,SN99840,02.05.2022 05:00,20.53,0,-12,2.9
Svalbard Lufthavn,SN99840,02.05.2022 06:00,20.54,0,-11,2.7
Svalbard Lufthavn,SN99840,02.05.2022 07:00,20.53,0,-11.7,2.4
Svalbard Lufthavn,SN99840,02.05.2022 08:00,20.56,0,-10.6,1.9
Svalbard Lufthavn,SN99840,02.05.2022 09:00,20.59,0,-10.9,2.8
Svalbard Lufthavn,SN99840,02.05.2022 10:00,20.59,0,-11.4,2.7
Svalbard Lufthavn,SN99840,02.05.2022 11:00,20.6,0,-11.1,2.4
Svalbard Lufthavn,SN99840,02.05.2022 12:00,20.59,0,-11.1,2.7
Svalbard Lufthavn,SN99840,02.05.2022 13:00,20.55,0,-11.1,2.7
Svalbard Lufthavn,SN99840,02.05.2022 14:00,20.57,0,-11.3,1.5
Svalbard Lufthavn,SN99840,02.05.2022 15:00,20.55,0,-10.6,1.3
Svalbard Lufthavn,SN99840,02.05.2022 16:00,20.55,0,-11.4,1.4
Svalbard Lufthavn,SN99840,02.05.2022 17:00,20.53,0,-11.4,3.4
Svalbard Lufthavn,SN99840,02.05.2022 18:00,20.55,0,-11.2,4.1
Svalbard Lufthavn,SN99840,02.05.2022 19:00,20.55,0,-11.7,3
Svalbard Lufthavn,SN99840,02.05.2022 20:00,20.68,0,-11.7,4.4
Svalbard Lufthavn,SN99840,02.05.2022 21:00,20.51,0,-11.7,4.5
Svalbard Lufthavn,SN99840,02.05.2022 22:00,20.5,0,-12.3,3.7
Svalbard Lufthavn,SN99840,02.05.2022 23:00,20.5,0,-12.6,2.9
Svalbard Lufthavn,SN99840,03.05.2022 00:00,20.5,0,-12.9,3.3
Svalbard Lufthavn,SN99840,03.05.2022 01:00,20.51,0,-12.8,2.6
Svalbard Lufthavn,SN99840,03.05.2022 02:00,20.53,0,-13.2,1.7
Svalbard Lufthavn,SN99840,03.05.2022 03:00,20.52,0,-12.6,1.4
Svalbard Lufthavn,SN99840,03.05.2022 04:00,20.51,0,-12.6,4.9
Svalbard Lufthavn,SN99840,03.05.2022 05:00,20.46,0,-12.1,4.4
Svalbard Lufthavn,SN99840,03.05.2022 06:00,20.48,0,-12.1,5.3
Svalbard Lufthavn,SN99840,03.05.2022 07:00,20.53,0,-11.8,2.5
Svalbard Lufthavn,SN99840,03.05.2022 08:00,20.48,0,-10.9,2.4
Svalbard Lufthavn,SN99840,03.05.2022 09:00,20.49,0,-10.9,3.5
Svalbard Lufthavn,SN99840,03.05.2022 10:00,20.45,0,-10.8,4.2
Svalbard Lufthavn,SN99840,03.05.2022 11:00,20.47,0,-10.9,3.1
Svalbard Lufthavn,SN99840,03.05.2022 12:00,20.45,0,-10.7,4.2
Svalbard Lufthavn,SN99840,03.05.2022 13:00,20.47,0,-10.4,3.5
Svalbard Lufthavn,SN99840,03.05.2022 14:00,20.46,0,-9.8,3
Svalbard Lufthavn,SN99840,03.05.2022 15:00,20.43,0,-9.4,2
Svalbard Lufthavn,SN99840,03.05.2022 16:00,20.44,0,-9.5,3.5
Svalbard Lufthavn,SN99840,03.05.2022 17:00,20.43,0,-9.7,2.6
Svalbard Lufthavn,SN99840,03.05.2022 18:00,20.46,0,-9.8,4.6
Svalbard Lufthavn,SN99840,03.05.2022 19:00,20.45,0,-10,3.3
Svalbard Lufthavn,SN99840,03.05.2022 20:00,20.45,0,-10,5.7
Svalbard Lufthavn,SN99840,03.05.2022 21:00,20.45,0,-10.8,1.7
Svalbard Lufthavn,SN99840,03.05.2022 22:00,20.48,0,-10.6,3.5
Svalbard Lufthavn,SN99840,03.05.2022 23:00,20.51,0,-10.8,2.2
Svalbard Lufthavn,SN99840,04.05.2022 00:00,20.52,0,-11.5,0.5
Svalbard Lufthavn,SN99840,04.05.2022 01:00,20.5,0,-11.3,2.5
Svalbard Lufthavn,SN99840,04.05.2022 02:00,20.45,0,-11.4,3.2
Svalbard Lufthavn,SN99840,04.05.2022 03:00,20.43,0,-11.1,3.4
Svalbard Lufthavn,SN99840,04.05.2022 04:00,20.42,0,-11.5,1.2
Svalbard Lufthavn,SN99840,04.05.2022 05:00,20.38,0,-10,2.4
Svalbard Lufthavn,SN99840,04.05.2022 06:00,20.41,0,-10.1,3.9
Svalbard Lufthavn,SN99840,04.05.2022 07:00,20.41,0,-9.6,4.4
Svalbard Lufthavn,SN99840,04.05.2022 08:00,20.42,0,-9,2.9
Svalbard Lufthavn,SN99840,04.05.2022 09:00,20.37,0,-8,1.6
Svalbard Lufthavn,SN99840,04.05.2022 10:00,20.39,0,-7.7,3.2
Svalbard Lufthavn,SN99840,04.05.2022 11:00,20.36,0,-7.6,3.4
Svalbard Lufthavn,SN99840,04.05.2022 12:00,20.38,0,-7.7,3.3
Svalbard Lufthavn,SN99840,04.05.2022 13:00,20.39,0,-7.6,2.5
Svalbard Lufthavn,SN99840,04.05.2022 14:00,20.38,0,-7.8,2.9
Svalbard Lufthavn,SN99840,04.05.2022 15:00,20.36,0,-7.5,1.8
Svalbard Lufthavn,SN99840,04.05.2022 16:00,20.36,0,-7.9,1.9
Svalbard Lufthavn,SN99840,04.05.2022 17:00,20.34,0,-8,3.2
Svalbard Lufthavn,SN99840,04.05.2022 18:00,20.34,0,-7.2,3.3
Svalbard Lufthavn,SN99840,04.05.2022 19:00,20.34,0,-7,2.9
Svalbard Lufthavn,SN99840,04.05.2022 20:00,20.35,0,-7.7,3.7
Svalbard Lufthavn,SN99840,04.05.2022 21:00,20.35,0,-7.5,3.3
Svalbard Lufthavn,SN99840,04.05.2022 22:00,20.35,0,-7.6,2.8
Svalbard Lufthavn,SN99840,04.05.2022 23:00,20.33,0,-7.7,4.1
Svalbard Lufthavn,SN99840,05.05.2022 00:00,20.33,0,-7.6,4
Svalbard Lufthavn,SN99840,05.05.2022 01:00,20.32,0,-7.8,2.5
Svalbard Lufthavn,SN99840,05.05.2022 02:00,20.33,0,-8,2.3
Svalbard Lufthavn,SN99840,05.05.2022 03:00,20.29,0,-7.2,0.8
Svalbard Lufthavn,SN99840,05.05.2022 04:00,20.3,0,-7.6,0.4
Svalbard Lufthavn,SN99840,05.05.2022 05:00,20.32,0,-7.8,1.2
Svalbard Lufthavn,SN99840,05.05.2022 06:00,20.32,0,-7.6,3.9
Svalbard Lufthavn,SN99840,05.05.2022 07:00,20.31,0,-7.8,4.2
Svalbard Lufthavn,SN99840,05.05.2022 08:00,20.33,0,-6.9,3.9
Svalbard Lufthavn,SN99840,05.05.2022 09:00,20.39,0,-6.7,3.4
Svalbard Lufthavn,SN99840,05.05.2022 10:00,20.35,0,-6.4,3.6
Svalbard Lufthavn,SN99840,05.05.2022 11:00,20.33,0,-5.9,1.6
Svalbard Lufthavn,SN99840,05.05.2022 12:00,20.34,0,-5.6,1
Svalbard Lufthavn,SN99840,05.05.2022 13:00,20.31,0,-5.4,2.2
Svalbard Lufthavn,SN99840,05.05.2022 14:00,20.29,0,-5.4,0.7
Svalbard Lufthavn,SN99840,05.05.2022 15:00,20.28,0,-4.7,2.4
Svalbard Lufthavn,SN99840,05.05.2022 16:00,20.26,0,-5,2.6
Svalbard Lufthavn,SN99840,05.05.2022 17:00,20.26,0,-5,1.5
Svalbard Lufthavn,SN99840,05.05.2022 18:00,20.25,0,-4.9,1.7
Svalbard Lufthavn,SN99840,05.05.2022 19:00,20.27,0,-5,2.3
Svalbard Lufthavn,SN99840,05.05.2022 20:00,20.32,0,-5.1,2.3
Svalbard Lufthavn,SN99840,05.05.2022 21:00,20.27,0,-4.9,1.5
Svalbard Lufthavn,SN99840,05.05.2022 22:00,20.44,0,-5.3,0
Svalbard Lufthavn,SN99840,05.05.2022 23:00,20.45,0,-5.4,1.5
Svalbard Lufthavn,SN99840,06.05.2022 00:00,20.43,0,-5.5,1.7
Svalbard Lufthavn,SN99840,06.05.2022 01:00,20.48,0,-5.8,0.6
Svalbard Lufthavn,SN99840,06.05.2022 02:00,20.42,0,-5.4,1.2
Svalbard Lufthavn,SN99840,06.05.2022 03:00,20.37,0,-4.9,4.1
Svalbard Lufthavn,SN99840,06.05.2022 04:00,20.39,0,-4.2,4.5
Svalbard Lufthavn,SN99840,06.05.2022 05:00,20.35,0,-4.4,3.5
Svalbard Lufthavn,SN99840,06.05.2022 06:00,20.36,0,-4.1,3.7
Svalbard Lufthavn,SN99840,06.05.2022 07:00,20.36,0,-4.3,3.3
Svalbard Lufthavn,SN99840,06.05.2022 08:00,20.43,0,-3.5,4
Svalbard Lufthavn,SN99840,06.05.2022 09:00,20.36,0,-3.4,2.3
Svalbard Lufthavn,SN99840,06.05.2022 10:00,20.37,0,-3.3,2.8
Svalbard Lufthavn,SN99840,06.05.2022 11:00,20.38,0,-3.5,1.8
Svalbard Lufthavn,SN99840,06.05.2022 12:00,20.35,0,-3.1,0.8
Svalbard Lufthavn,SN99840,06.05.2022 13:00,20.36,0,-3.2,1.6
Svalbard Lufthavn,SN99840,06.05.2022 14:00,20.35,0,-2.8,0.8
Svalbard Lufthavn,SN99840,06.05.2022 15:00,20.31,0,-3.2,1.8
Svalbard Lufthavn,SN99840,06.05.2022 16:00,20.29,0,-3.5,2.4
Svalbard Lufthavn,SN99840,06.05.2022 17:00,20.27,0,-3.4,2.1
Svalbard Lufthavn,SN99840,06.05.2022 18:00,20.23,0,-3,1.4
Svalbard Lufthavn,SN99840,06.05.2022 19:00,20.24,0,-2.8,2.4
Svalbard Lufthavn,SN99840,06.05.2022 20:00,20.23,0,-3.8,2.7
Svalbard Lufthavn,SN99840,06.05.2022 21:00,20.22,0,-4,2.5
Svalbard Lufthavn,SN99840,06.05.2022 22:00,20.21,0,-4,2.4
Svalbard Lufthavn,SN99840,06.05.2022 23:00,20.18,0,-4.3,1.6
Svalbard Lufthavn,SN99840,07.05.2022 00:00,20.2,0,-5.4,1.7
"Data valid for 09.05.2022 (CC BY 4.0), The Norwegian Meteorological Institute (MET Norway)",,,,,,
